title,shop,price
【京东配送】 儿童电动 摩托车三轮车可坐 电动 汽车宝宝音乐早教玩具车小孩玩具 电动车 萌萌兔（多媒体功能） 【京东仓配送】优惠不停滞！带音乐早教，骑行娱乐两不误，七天无理由退货，还送运费险哦！,聚品母婴,￥ 258.00 ￥245.00
贝瑞佳（BeRica） 【奥迪授权 京东配送】 儿童电动车 四轮可坐人遥控摇摆小孩宝宝玩具汽车 顶配红色+双驱双电+蓝牙遥控+音乐早教+摇摇车 奥迪官方正版授权！支持京东配送，货到付款！下单送礼物 ！,星宝童车童床专营店,￥468.00 
倍瑞多（beiruidor） 京东配送】 儿童电动车 四轮遥控汽车摇摆可坐人小孩宝宝玩具童车 烤漆酒红+2.4G遥控+摇摆+拉杆+皮座位 【直降到底】欲购从速！下单就送礼！限量！抢！【货到付款发京东快递】,小贝贝母婴专营店,￥538.00 
婴巯玻ㄙingaixi） 儿童电动车 四轮带遥控 电动车 双驱可坐宝宝摇摆车摩托车玩具童车 萌黄侠 早教 新品普通款只售398元一辆 可领卷购买,酷伴母婴专营店,￥398.00 
奇动（QIDONG） 儿童电动车 摩托车三轮车可坐 电动 汽车宝宝玩具 儿童 玩具车可坐人童车 黄色+一键启动+音乐+炫酷灯光,长嘴巴母婴专营店,￥228.00 
【京东配送】哈雷贝拉奔驰G63 儿童电动车 四轮大号越野遥控玩具汽车可坐人小孩宝宝电瓶车带摇摆 (烤漆黑)独立摇摆+手拉杆+六档调速+早教功能 新款升级带独立摇摆（超市摇摇车功能） 烤漆外观  带手拉杆  高双开门  六档调速 避震,朵朵云婴童专营店,"￥1,388.00 "
快乐达 【京东配送】玛莎拉蒂 儿童电动车电动 童车四轮可坐遥控小汽车小孩玩具车双电双驱童车 顶配红色+双驱双电+蓝牙遥控+音乐早教+摇摇车 下单就送礼！限时！限量！抢！,舍宇母婴专营店,￥398.00 
鹰豪 【货到付款】美奇 儿童 玩具 儿童电动车 可坐人电动三轮摩托车1-3岁小孩玩具车 红黑色 【6期免息】【支持买贵退差】【可爱美奇妮妮】【警车有尾灯】【晒图奖励10】,鹰豪儿童电动车旗舰店,￥278.00 
好滴 【京东配送】 儿童电动车 四轮摇摆车 遥控婴幼儿男女宝宝可坐人玩具汽车童车 烤漆酒红 摇摆+遥控+避震+五点式皮座+自发电 【活动火爆  延长一天 错过再等一年】,赫誉童车专营店,￥588.00 
宝贝虎 儿童电动车 四轮车婴幼儿童车 小孩遥控婴儿推车汽车宝宝玩具车 烤漆酒红+摇摆+遥控+早教音乐+推车功能,赫誉母婴专营店,￥568.00 
【京东配送】 儿童车电动车 大号摩托车宝宝三轮车可坐人 电动 玩具车小孩汽车 【京东配送+顶配】皓月白+双驱动避震+炫彩发光轮 【京东配送+货到付款】优惠直降！适合3-8岁宝宝，早教功能，炫彩发光轮，赠送运费险！！！,聚品童车专营店,￥ 439.00 ￥417.00
【京东配送】双座吉普越野 儿童电动车 四轮四驱大号带摇摆可遥控玩具汽车可坐人男女小孩宝宝电瓶车 红色+四驱+10A电瓶+皮座椅+防爆发光软轮+摇摆 大吉普霸气双人座大轮胎 皮座椅可前后调节  摇摆  可选四驱大电瓶,华粹母婴专营店,￥ 1168.00 ￥1109.60
快乐达 【 京东配送】玛莎拉蒂 儿童电动车 四轮蓝牙遥控汽车可坐婴幼儿男女宝宝小孩童车玩具车 顶配蓝色+双驱双电+蓝牙遥控+音乐早教+摇摇车 【保价30天】直降！抢！（货到付款京东快递）,麦莫母婴专营店,￥398.00 
贝瑞佳 【宾利授权 京东配送】 儿童电动车 汽车童车四轮遥控摇摆双开门可坐宝宝小孩玩具车 旗舰版白 +摇摆+蓝牙遥控+液压剪刀门+6字可亮 货到付款 京东配送    蓝牙遥控+独立摇摆+USB音乐+6字LED灯+液压剪刀门,禾荫母婴专营店,￥598.00 
【奥迪官方授权 贝瑞佳官方旗舰店】 儿童电动车 四轮摇摆双驱遥控婴儿小孩玩具车可坐人汽车童车 红摇摆+双驱遥控+USB音乐早教+LED灯 【安全承诺品牌】贝瑞佳官方旗舰店  奥迪正版授权官方店 下单送礼包  货到付款 京东配送,贝瑞佳童车官方旗舰店,￥468.00 
蚁道（JLYIDAO） 京东配送【四驱】 儿童电动车 吉普越野带摇摆可遥控汽车可坐人玩具童车 【四轮驱动】顶配红+音乐早教+摇摇车+加宽胎+遥控 【领券下单立减100】限时限量发放【四轮驱动。马力强劲】下单就送礼！（货到付款走京东快递）,大鹏童车专营店,￥658.00 
智乐堡（CHILOKBO） 儿童电动车 迈凯伦跑车小孩四轮可坐玩具汽车宝宝双驱动赛车 黄色 会员促销,塔谷玩具专营店,￥ 1588.00 ￥1428.00
贝瑞佳 【宾利授权 京东配送】 儿童电动车 四轮可坐人遥控摇摆婴幼儿男女宝宝小孩玩具车 白色剪刀门+蓝牙遥控+音乐早教+摇摇车+LED灯 2018新品~！宾利正版授权 ！下单就送礼物，随车一起寄出~！支持京东配送！货到付款！,中博母婴专营店,￥598.00 
【京东超市】保时捷 儿童电动车电动 摇摆汽车遥控汽车可坐宝宝童车玩具汽车 高配烤漆款-玫瑰红 圣 诞 狂 欢 【领 券 下 单】，一 降 到 底，降 到 手 软 ~！！！,博海鼎盛母婴专营店,￥599.00 
活石 儿童电动车 加厚耐摔四轮可坐人宝宝挖掘机土机仿真音效音乐早教婴儿玩具车汽车 电动 挖掘机（声效版）,活石旗舰店,￥268.00 
爱豹 【京东配送】法拉利 儿童电动车 可坐小孩宝宝四轮双驱动跑车带遥控带摇摆电瓶玩具汽车 黄=蝶翼门+早教+缓启动+拉杆,迅奇母婴专营店,￥598.00 
儿童电动车 太空车四轮可坐人玩具童车宝宝汽车小孩婴儿手推车遥控汽车摩托车摇摆车 白色+摇摆+伸缩式推杆+遥控+五点式安全带 下单自动有满减活动哦,巧朔母婴专营店,￥428.00 
栋马 【京东配送】 奔驰授权 儿童电动车 越野遥控四轮可坐 电动 玩具双驱双开门 高双开门烤漆黑色+2.4G遥控器 【12.26-1.01】年末大促！跨店每满299-50立减中！,瑞达母婴专营店,"￥1,488.00 "
贝瑞佳（BeRica） 【奔驰授权京东配送】 儿童电动车 四轮可坐人双驱遥控宝宝玩具车MP4 黑+液晶显示屏+中控2.4G蓝牙+防爆软轮+皮座椅 下单减100！奔驰官方正版授权！MP4放动画~集成中控~手机蓝牙对接放音乐！,星宝童车童床专营店,"￥1,288.00 "
祁裕 【京东配送】小不点奥迪款 儿童电动 汽车可坐人双开门四轮充电玩具遥控车可选双驱早教机摇 顶配款中国红色遥控大电瓶双驱动早教机摇摆减震日行灯 迎圣诞！送宝贝 小朋友礼物  双开门 性价比超高 适合1到4周岁自驾遥控,汇鑫锦文母婴专营店,￥369.00 
宝贝虎 【京东配送】 儿童电动车 兰博基尼四轮遥控车孩子可坐宝宝玩具摇摆汽车烤漆双驱 电动 童车 烤漆酒红+独立摇摆+蓝牙遥控+皮座位+双驱+剪刀门 【直降到底】欲购从速！下单就送礼！限量！抢！【货到付款发京东快递】,小小贝母婴专营店,￥568.00 
【京东配送】哈雷贝拉奔驰双人座 儿童电动车 四轮带遥控宝宝玩具车可坐人大型越野四驱双电瓶童车 烤漆红★仿真空调+拉杆+四驱+双电瓶+防爆软轮 2017新款奔驰授权 双座适合两个宝宝的家庭 四驱动力 双电瓶续航,华粹母婴专营店,"￥2,358.00 "
栋马 四驱双座大 儿童电动车 四轮可坐人摇摆童车带遥控玩具越野车电瓶宝宝汽车 儿童车 婴儿玩具车 升级四驱+红色+皮座+橡胶发光轮+摇摆+加大电瓶 下单自动有满减活动哦,巧朔母婴专营店,"￥1,168.00 "
【京东配送】 儿童车电动车 宝宝车摩托车三轮车可坐人 电动 玩具汽车 【京仓配送】雪山白【音乐炫酷灯光】 【京东配送 货到付款】直降优惠中！音乐早教，炫酷发光，轻松便携，赠送运费险！！,聚品童车专营店,￥ 228.00 ￥216.00
语贝佳 儿童电动车 四轮可坐人玩具车带遥控宝宝越野汽车 红色【普通座椅+遥控+摇摆功能+四轮驱动大电瓶】 四轮驱动，动力强劲【评价晒图，赠遥控越野车一辆，自由参加，不强制】,春之龙母婴用品专营店,￥729.00 
【京东配送】驰那米保时捷 儿童电动车 四轮车婴幼儿摇摆童车小孩可坐人遥控汽车宝宝玩具 烤漆酒红 旗舰版 皮座椅+摇摆+双驱+2.4G遥控+通用功能 【直降优惠】【领卷满减】优惠多多、数量有限！欲购从速哦！限量！抢！,益京母婴专营店,￥698.00 
爱豹 2017新款 儿童电动车 四轮卡丁车小孩玩具汽车4-5-8岁男女宝宝带遥控可坐人童车黄 黄色+早教+大电瓶+防爆轮+炫灯 【京东秒杀】【12.15   8点开售】只有1天，时间不多，限量50辆，抢抢抢。。。,迅奇母婴专营店,￥768.00 
快乐达 【京东配送】玛莎拉蒂 儿童电动车 四轮可坐童车摇摆车遥控男女宝宝可坐人玩具汽车童车 顶配蓝色+双驱双电+蓝牙遥控+音乐早教+摇摇车 爆款活动价 ，保价30天，买就送礼包，★★★★★,小小牧童玩具专营店,￥398.00 
【宾利授权 贝瑞佳官方旗舰店】 儿童电动车 四轮摇摆双驱遥控婴儿小孩玩具车可坐人汽车童车 白摇摆+双驱+2.4G遥控+音乐早教+LED灯 【安全承诺品牌】贝瑞佳官方旗舰店  宾利正版授权官方店 下单送礼包＋早教机＋翻斗车！,贝瑞佳童车官方旗舰店,￥598.00 
【京东超市】 儿童电动车 宝宝 电动 摩托车 电动 三轮车充电 电动 童车带早教灯光玩具汽车 小黄人早教版 圣 诞 狂 欢 【领 券 下 单】，一 降 到 底，降 到 手 软 ~！！！,博海鼎盛母婴专营店,￥198.00 
FENGSU 【京东配送】风速M6加长版 儿童电动车 四轮车婴幼儿车小孩遥控推车汽车宝宝玩具 烤漆酒红+2.4G遥控+推杆+发光轮+皮座椅 【11.11活动开始喽】,精艺母婴专营店,￥798.00 
【正版授权 京东配送】奔驰SL65 儿童电动车 四轮可坐人男女宝宝小孩玩具汽车带遥控可摇摆童车 抛光白色+音乐早教+独立摇摆（摇摇车功能） 【奔驰正版授权】 增值服务里可选旗舰版防爆避震软胎配置  【京东配送】可调节座椅  摇摇车,诚尚贝贝母婴专营店,￥698.00 
【京东配送】哈雷贝拉奔驰双人座 儿童电动车 四轮带遥控宝宝玩具车可坐人大号越野四驱汽车双电瓶 烤漆红★仿真空调+拉杆+四驱+双电瓶+防爆软轮 奔驰正版授权 四驱双座双电瓶大奔 适合两个小孩家庭 创新设计风扇出风口 呵护宝宝,朵朵云婴童专营店,"￥2,398.00 "
jeep吉普 儿童电动车 四驱动大越野车牧马人大电瓶充电四轮汽车双人双座摇摆遥控可坐人童车玩具 红色四驱高配 支持通过蓝牙无线播放手机音乐（目前只有我们有此功能）强劲四驱、大动力爬坡有力！双人双座！,丽妮诗曼官方旗舰店,￥658.00 
语贝佳 儿童电动车 摩托车三轮车可坐人宝宝玩具车 典雅白双驱动大电瓶 【京东配送】带音乐早教儿歌功能，2-3-5-6-7岁儿童,春之龙母婴专营店,￥439.00 
【京东超市】 儿童电动车 四轮宝宝玩具汽车可坐人护栏推杆婴儿滑行学步童车 红色 多功能儿童电动四轮汽车【护栏+推杆+可收合脚踏板】=4车合1,孩子家旗舰店,￥249.00 
【京东配送】快乐达 儿童电动车 儿童电动 摩托车三轮车小孩可坐玩具车男女宝宝婴儿电瓶车可充电 猫咪款粉色 【京东配送】【上海仓发货】【送螺丝刀】1-4岁宝宝可坐儿童摩托车，带音乐，脚踩油门,优聚母婴专营店,￥198.00 
爱豹 【京东配送】 儿童电动车 可坐小孩宝宝四轮双驱双电跑车带遥控带摇摆电瓶玩具汽车 至尊红 圣诞节保价【京仓发货】【时效无忧】【真皮座椅】【液压式开门】【电子风扇】【双电双驱+摇摆】,蜜橙母婴专营店,￥699.00 
蚁道（JLYIDAO） 【京东配送】 儿童电动车 童车四轮可坐带遥控玩具汽车宝宝孩子越野童车 顶配红+双驱大电瓶+蓝牙遥控+音乐早教+摇摇车 【直降到底】欲购从速！下单就送礼！限量！抢！【货到付款发京东快递】,大鹏母婴专营店,￥518.00 
RASTAR 【法拉利 授权】星辉法拉利 儿童电动车 四轮遥控小孩童车宝宝玩具汽车可坐人跑车 红色(1至8岁) 双驱双电机 法拉利正版授权，空间大，续航时间久，音乐播放功能，人体工学真皮软座，软质后视镜，蝴蝶门,塔谷玩具专营店,￥ 1950.00 ￥1850.00
宝贝虎 【京东配送】 新款加长版118 儿童电动车 四轮汽车可坐带遥控玩具宝宝 电动车 摇摆车 红色+拉杆+双电瓶+MP3插口+遥控+摇摆 【活动火爆  延长一天 错过再等一年】,赫誉母婴专营店,￥488.00 
贝瑞佳（BeRica） 儿童电动车 四轮双驱 遥控 电动 童车宝宝可坐小汽车 电动车 白色2.4G双驱+避震+独立摇摆+LED大灯 升级皮座 加送脚垫 正版宾利授权 品质保障,皇寺母婴专营店,"￥1,388.00 "
栋马 【京东配送】 路虎授权 儿童电动车 四轮可坐 儿童 汽车遥控音乐 宝宝玩具汽车童车礼物 烤漆黑色+2.4G遥控器 【12.26-1.01】年末大促！跨店每满299-50立减中！,瑞达母婴专营店,"￥1,388.00 "
京东超市 卡蒂勒（CARDIRO） 玛莎拉蒂款 儿童电动车 四轮摇摆双驱带遥控 玩具车汽车童车 绚丽黄+自发电+摇摆+皮座+早教 赠送：皮座椅、坐垫、方向盘把套、模型玩具、车罩、车牌、安装工具大礼包,宜宝母婴专营店,￥548.00 
儿童电动车 保时捷四轮双驱避震可坐人带遥控 电动 汽车 摇摆 儿童 玩具车男孩女孩跑车 大红 升级版+遥控+摇摆 【顺丰配送】,长嘴巴母婴专营店,￥518.00 
钻贝新款超级飞侠 儿童车电动车 1-3岁宝宝车摩托车三轮车可坐人 电动 玩具可充电 红色 超级飞侠，音乐，早教，电动，摩托车,隆聚母婴专营店,￥198.00 
贝瑞佳（BeRica） 儿童电动车 四轮双驱遥控婴儿小孩玩具车可坐人汽车 2.4红双驱中控+一键启动+讲故事功能MP3+FM 贝瑞佳官方旗舰店 满299元减50元！加送礼包！狂欢不止！,贝瑞佳童车官方旗舰店,￥708.00 
（BRJ） 儿童电动车 带摇摆遥控男女婴儿小孩玩具电瓶车可坐人汽车四轮 电动 童车 大眼萌黄新升级 大眼萌 出口欧洲 风靡意大利,皆因有爱儿童用品专营店,￥598.00 
[京东配送] 儿童电动车 三轮车摩托车 宝宝可坐玩具车 小孩 电动车 红色 【赠送手表1只】3档控制 配灯光 音乐 大号摩托车,孩子家母婴专营店,￥218.00 
京东超市 卡蒂勒（CARDIRO） 儿童电动车 四轮摇摆双驱带遥控 玩具车汽车童车 红色经典+自发电+摇摆+皮座+早教 双驱+摇摆+避震+2.4G蓝牙遥控 赠送：皮座椅、坐垫、方向盘把套、模型玩具、车罩、车牌、安装工具大礼包,宜宝母婴专营店,￥538.00 
蚁道（JLYIDAO） 新款路虎 儿童电动车 加长版四轮汽车可坐带遥控玩具婴幼儿宝宝 电动车 红色+双驱双电+蓝牙遥控+音乐早教 新品冲量！！敬请抢购！！,恒语童车专营店,￥428.00 
LEKANG [京东配送] 儿童电动车 摩托车 三轮摩托车 手推车 红色 可手推 可电动 带立活切换 并配有护栏  有安装工具(可选带蓬款),孩子家旗舰店,￥249.00 
孩智堡 儿童电动车 带遥控摩托车 护栏三轮 四轮童车宝宝玩具车电瓶车音乐货到付款 包邮 四轮酷黑摇控+摇摆+推杆+MP3接口 赶紧抢抢抢！带遥控器，摇摇功能，带安全带，有推杆,卿贝母婴专营店,￥288.00 
FL 【京东配送】 飞乐 儿童电动 摩托车 宝宝小孩 电动车 三轮车可坐人充电 2-7岁男女宝宝 公子白 【限时抢购】 音乐早教 酷炫灯光 前进后退。。。,凯施德童车专营店,￥228.00 
巨（JULONG） 奔驰 儿童电动车 四轮玩具车宝宝可坐摇摆遥控越野型 电动 童车 旗舰版烤漆:酒红+皮座+橡胶防爆软轮 车座前后可调 便携拉手 独立摇摆 三档调速 一键刹车  车体避震 【货到付款京东快递】,阿迪乐母婴专营店,￥718.00 
驰鹿 【京东超市】 儿童 四轮 电动 汽车带减震遥控玩具车可坐人可充电双电双驱宝宝小孩电瓶车 中国红【京东配送】 【京东配送】【四轮闪光】【音乐、故事】【摇摆功能。带遥控】【评价晒图送扭扭车一辆】,居上母婴专营店,￥899.00 
噜贝贝（lubeibei） 儿童电动车 摩托车可坐人三轮玩具汽车宝宝童车 中国红-三轮摩托车 【顺丰包邮】【终身售后】【防后翻设计】【车载音乐】,旺堆母婴旗舰店,￥178.00 
【京东配送】吉普 儿童电动车 四驱遥控越野摇摆汽车宝宝四轮越野童车可坐人宝宝小孩遥控玩具汽车 高配白色双驱+遥控+摇摆+塑料轮+皮座+减震器 下单送好礼！限时！限量！抢！抢！抢！四驱动力！ 独立摇摆功能,琪儿宝母婴专营店,￥798.00 
【京东超市】 儿童电动车电动 越野车SUV四轮摇摆车宝宝 电动 遥控玩具汽车 早教避震烤漆款-红色 圣 诞 狂 欢 【领 券 下 单】，一 降 到 底，降 到 手 软 ~！！！,博海鼎盛母婴专营店,￥528.00 
儿童电动车 三轮车摩托车宝宝可坐玩具车小孩电瓶车 樱桃粉4.5安+礼品 自带多首动感音乐.早教，新增超炫闪灯！适用1-5岁,佳宥母婴专营店,￥168.00 
酷车e族 【京东配送】 儿童电动车 小黄鸭 电动 三轮车摩托车小孩宝宝玩具车男女可坐人 黄色-8015 【清仓直降】【下单立送小礼物】【京东配送】【货到付款】【小黄鸭正版授权】【通过3C认证】,海雷母婴专营店,￥199.00 
萨玛特 儿童电动车 摩托车室内外玩具车宝宝手推车 儿童 可坐人四轮 电动 汽车瓦力车电瓶车968 象牙白-手推顶配版 好评加晒图送100粒玩具积木一套,梦迪儿母婴专营店,￥499.00 
语贝佳 儿童电动车 四轮小孩玩具车可坐人宝宝遥控越野车 白色【普通座椅+遥控+摇摆功能+四轮驱动大电瓶】 新款越野车，四驱动力，12V大电瓶持久续航,春之龙母婴专营店,￥729.00 
宝贝虎 【京东配送】7288A 儿童电动车 四轮双驱车遥控汽车 可坐男女宝宝车小孩玩具车 红色+2.4G遥控+后备箱+拉杆功能 【活动火爆  延长一天 错过再等一年】,九妹童车,￥488.00 
锋达玩具（FD） 儿童电动车 摩托车玩具车可坐人三轮车小孩 电动车 婴儿宝宝电瓶车 9801A 红色 电动车 适合1.5岁---5.5岁的宝宝 元旦活动三免一，产品任您选，还有优惠券别忘了哟！点击查看,赛思母婴专营店,￥259.00 
【京东配送】宝贝虎 新款儿童电动车 四轮双驱动 儿童 汽车悍马 儿童 车遥控可坐玩具车 白色+蓝牙遥控+四轮发光+脚踏刹车+摇摆+皮座椅 支持货到付款 京东配送~!下单就送礼物 随车一起寄出~！,中博母婴专营店,￥658.00 
宝贝虎 【京东配送】新款兰博基尼 儿童电动车 四轮玩具车可坐人 儿童 汽车双驱 电动 汽车 高配红+双驱双电+剪刀门+摇摆功能 【11.11活动开始喽】,精艺母婴专营店,￥488.00 
好滴 【京东配送】 儿童电动车 四轮摇摆车 遥控婴幼儿男女宝宝可坐人玩具汽车童车 烤漆酒红 摇摆+遥控+避震+五点式皮座+自发电 2-3小时长续航 遥控自驾 摇摆功能 早教,玖努母婴专营店,￥588.00 
蚁道（JLYIDAO） 京东配送 儿童电动车 吉普四轮汽车可坐带遥控玩具宝宝 电动车 越野车童车 顶配蓝色+蓝牙遥控+音乐早教+摇摇车 【直降到底】欲购从速！下单就送礼！限量！抢！【货到付款发京东快递】,小贝贝母婴专营店,￥518.00 
【京东配送】正版授权宾利 儿童电动车 四轮摇摆双驱遥控电瓶车婴儿小孩玩具车可坐人汽车 白+剪刀门+双驱+蓝牙遥控+音乐早教+摇摆 【京东配送】【上海仓发货】正版宾利授权车 液压式车门 带摇摆 0-4岁宝宝,优聚母婴专营店,￥598.00 
LEKANG 儿童电动车 摩托车可推童车 玩具车可坐人摩托车 电动 汽车带护栏 推把 红色 配送充电器及安装工具  可推 可坐可滑行的儿童电动车,家美专营店,￥249.00 
驰那米 京东配送 儿童电动车 四轮电瓶车汽车可坐人摇摆玩具车摩托车宝宝童车婴儿手推车太空车 白色双驱+摇摆+推杆+五点式安全带+皮座,迪卡乐母婴专营店,￥458.00 
宝贝虎 【京东配送】新款保时捷 儿童电动车 四轮双驱遥控汽车可坐宝宝车小孩童车玩具 红色+蓝牙遥控+四轮避震+手拉杆+双开门 【直降到底】欲购从速！ 下单就送礼！限量！抢！【货到付款发京东快递】,大鹏母婴专营店,￥458.00 
蚁道（JLYIDAO） 新款 路虎 儿童电动车 加长版四轮汽车可坐带遥控玩具婴幼儿宝宝 电动车 白色+双驱双电+蓝牙遥控+音乐早教+摇摇车 新品冲量！！敬请抢购！！,恒语童车专营店,￥458.00 
好儿宝 【京东配送】加长版 儿童电动车 童车四轮可坐带遥控玩具汽车宝宝 电动车 越野 电动 童车 红色+双开门+皮质座椅+四轮发光+四轮避震 【直降到底】欲购从速！下单就送礼！限量！抢！【货到付款发京东快递】,大鹏母婴专营店,￥588.00 
婴巯玻ㄙingaixi） 儿童电动车 摇摆童车四轮室内车带遥控玩具车宝宝可坐室内外手推车 【萌黄侠升级版】所有功能+五点式安全带+皮座+餐盘,水木年华母婴专营店,￥438.00 
福儿宝（FUERBAO） 授权奥迪R8 儿童电动车 四轮双驱遥控摇摆电瓶车小孩玩具车坐人汽车 【红色】双电双驱+独立摇摆+蓝牙遥控+五点式皮座椅 正版授权  早教 LED彩灯,佳仕博母婴专营店,￥478.00 
语贝佳 儿童电动车 四轮越野车宝宝遥控玩具车可坐人小孩汽车 白色【音乐+遥控+灯光】 炫酷灯光，新品上架【评价晒图，赠遥控越野车一辆，自由参加，不强制】,春之龙母婴用品专营店,￥858.00 
IWAN 儿童电动车 四轮避震可坐人四驱越野摇摆车宝宝玩具 儿童车 火影红-皮座椅+升级双驱+独立摇摆+早教功能发光轮 新升级款，带摇摆早教功能，四驱炫彩车轮，下单立减100，赠送皮座椅套！！,聚品童车专营店,￥699.00 
鹰豪 【京东配送】 儿童电动车 四轮摇摆童车男女宝宝带遥控汽车玩具车可坐人 至尊版:奶白+蓝牙音乐+摇摆+遥控+后备箱 先领券再下单！,瑞达母婴专营店,￥699.00 
悠比 儿童电动车 宝宝 电动 摩托车三轮可坐 电动 汽车 中国红,悠比官方旗舰店,￥238.00 
【货到付款 京东配送】 儿童电动车 三轮小孩玩具车可坐人电动童车 红色 支持货到付款 京东配送~!下单就送礼物 随车一起寄出~！,中博母婴专营店,￥168.00 
好加（GoodPlus） 【京东配送】 儿童电动车 新款加长版吉普四轮可坐遥控玩具越野车童车 顶配蓝色+蓝牙遥控+音乐早教+摇摇车,好加旗舰店,￥518.00 
【京东配送】 儿童电动车 四轮童车1-3-4-5岁遥控男女婴儿小孩玩具车可坐人汽车宝宝电瓶童车 烤漆酒红+音乐早教+2.4G遥控+摇摆 2017新款 摇摆音乐早教一体多功能,万通母婴专营店,￥698.00 
倍瑞多（beiruidor） 【京东配送】烤漆 儿童电动车 四轮可坐汽车小孩玩具遥控男女童车 烤漆酒红+摇摆+2.4G遥控+拉杆+发光轮+皮座位 【直降到底】下单就送礼！欲购从速！限时！限量！抢！抢！（货到付款走京东快递）,小小贝母婴专营店,￥568.00 
小荧星（xiaoyingxing） 儿童电动车 四轮可坐人玩具车双驱动遥控汽车 炫酷黑 充气轮 【双电瓶，双电机，性能强悍】【下单送畅玩礼包】【需要遥控功能的请拍遥控款】,喜娃母婴专营店,￥299.00 
科幻 儿童电动车 太空摩托车3-8岁宝宝婴儿可坐玩具车小孩 电动 三轮摩托车大号童车 黑色+双驱+自驾+12v大电瓶,唐煌母婴专营店,￥558.00 
儿童电动 摩托车 男女小孩 电动 三轮车可坐人宝宝玩具童车小黄人甲壳虫电瓶车 甲壳虫电摩 2017年终狂欢节，全店商品2件9折，3件8.5折，更有店铺优惠券，叠加优惠享不停！,乔之宇母婴专营店,￥126.00 
[京东配送] 儿童电动车 带推杆三轮车推车宝宝汽车可坐 甲壳虫 可推行 可电动 0.8-5岁适用,家美专营店,￥239.00 
酷太阳 吉普双座 儿童电动车 四轮双驱童车宝宝可坐四驱越野遥控汽车小孩玩具车可坐人越野车 白四驱+皮座+发泡软轮+12V10A电瓶+蓝牙遥控 下单送好礼！抢！抢！抢！2.4G蓝牙遥控器  四驱动力,琪儿宝母婴专营店,"￥1,588.00 "
爱豹 【京东配送】法拉利 儿童电动车 可坐小孩宝宝四轮双驱动跑车带遥控带摇摆电瓶玩具汽车 黄=蝶翼门+早教+缓启动+拉杆+风扇+摇摆+皮座椅,迅奇母婴专营店,￥698.00 
LEKANG 儿童电动车 三轮摩托车 小孩玩具车可坐人宝宝童车 红色 带推杆 配护栏适合小宝宝使用 可组装多种模式,孩子家母婴专营店,￥249.00 
JEEP吉普牧马人 儿童电动 四轮汽车遥控摇摆四驱超大号越野车大电瓶充电双人可坐人童车摇摇椅 红色四驱高配（超大电瓶、遥控、摇摆、缓启动） 支持通过蓝牙无线播放手机音乐（目前只有我们有此功能）超大电瓶！强劲四驱、大动力爬坡有力！！,浩博母婴专营店,￥658.00 
鹰豪 【货到付款】 儿童电动车 宝宝玩具车可坐人汽车四轮带遥控摇摆小孩 电动 汽车 白色 2.4G遥控+摇摆+缓启动+便携拉杆+双开门 【支持买贵退差】【带拉杆和辅轮】【可遥控可遥控可自驾】【音乐早教故事唐诗】,鹰豪儿童电动车旗舰店,￥698.00 
【京东配送】加长版 儿童电动车 童车四轮可坐带遥控玩具汽车宝宝孩子越野 电动 童车四轮避震手拉杆 红色 蓝牙遥控+四轮避震+手拉干 新款儿童电动车！！让你玩的安全又放心抢枪抢！！！【货到付款发京东快递】,恒语童车专营店,￥518.00 
【官方旗舰店 可选播动画带液晶屏】贝瑞佳 儿童电动车 可座双驱越野车带遥控四轮 儿童电动 汽车授权 黑2.4G双驱+中控+避震 【安全承诺品牌】贝瑞佳官方旗舰店 满599元减100元！加送礼包！狂欢不止！,贝瑞佳童车官方旗舰店,"￥1,158.00 "
TEKNUM 儿童电动车 可坐带遥控充电1-3岁宝宝四轮玩具小汽车子童车 红色【烤漆版+自发电+缓启动+多功能+皮座】 【自发电】技术持久续航技术 缓起步,TEKNUM母婴旗舰店,￥599.00 
鹰豪 【货到付款】美奇 儿童 玩具 儿童电动车 可坐人电动三轮摩托车1-3岁小孩玩具车 红黑色 【6期免息】【支持买贵退差】【可爱美奇妮妮】【警车有尾灯】【晒图奖励10】,鹰豪儿童电动车旗舰店,￥278.00 
dodoto 儿童电动车 四轮避震遥控小汽车摇摆玩具车可坐人双电双驱烤漆 儿童 玩具车6688 红色-2.4G蓝牙遥控+摇摆 双电双驱遥控版 【评价晒图送皮座椅或积木 两者二选一】特价产品 特价产品 戳我 戳我,dodoto旗舰店,￥699.00 
【京东配送】快乐达宝马车型 儿童电动车 四轮双驱遥控 电动 童车男女宝宝可坐玩具车小孩汽车 高配白+双电三机+摇摆+发光轮+2.4G+通用功能 【直降优惠】【领卷满减】优惠多多、数量有限！欲购从速哦！限量！抢！抢！抢！,益京母婴专营店,￥568.00 
恒泰（HENGTAI） 超级飞侠 正版乐迪 电动车儿童 女孩玩具飞机四轮可坐多功能摇摇车男孩 乐迪正版 电动 童车 圣诞年终盛典全场领券满99-5 199-10 299-15智能玩具全场 京东配送快速到达！,熊猫猫玩具专营店,￥688.00 
【京东超市】 儿童电动车 宝宝 电动 摩托车 电动 三轮车充电 电动 童车带早教灯光玩具汽车 灯光音乐款-白色 圣 诞 狂 欢 【领 券 下 单】，一 降 到 底，降 到 手 软 ~！！！,博海鼎盛母婴专营店,￥178.00 
【京东配送】奥迪带遮阳棚 儿童电动车 摇摆童车小孩宝宝可坐人带遥控四轮 电动 玩具小汽车男女跑车 烤漆酒红★拉杆+储物箱+带蓬+摇摆+防爆发光软轮 新款奥迪正版授权带遮阳棚，很有个性。,华粹母婴专营店,"￥1,258.00 "
星辉（Rastar） 儿童电动车 法拉利 电动 童车 儿童 玩具汽车四轮遥控电瓶车 81900 红色 星辉车模品牌专卖，全店满199赠机器人，满599赠遥控车！点击查看更多款式：,星辉车模专营店,￥950.00 
Smart BeBe 圣贝儿路虎款 儿童电动车 轮车 可坐人充电男女孩 电动 气车 宝宝电瓶童车 橙色 高配,SmartBeBe官方旗舰店,￥499.00 
【宾利授权 贝瑞佳官方旗舰店】 儿童电动车 四轮摇摆双驱遥控婴儿小孩玩具车可坐人汽车童车 白摇摆+双驱+2.4G遥控+音乐早教+LED灯 【安全承诺品牌】贝瑞佳官方旗舰店  宾利正版授权官方店 下单送礼包＋早教机＋翻斗车！,贝瑞佳童车官方旗舰店,￥598.00 
RASTAR 京东配送 正版法拉利 儿童电动车 四轮车 宝宝车小孩遥控玩具汽车可坐人大号童车 法拉利正版授权=双驱+遥控自驾+红色 法拉利正版授权  遥控自驾双模式 送防爆软轮一套  法拉利脚垫,望丰母婴专营店,"￥1,950.00 "
【京东配送】哈雷贝拉奔驰G63 儿童电动车 四轮越野车双驱遥控汽车小孩宝宝玩具车可坐人摇摆车 (烤漆黑)缓启动+六档调速+早教功能+独立摇摆 带独立摇摆 手拉杆 出门轻松便携 烤漆外观 高开门防侧摔更加安全  加送奔驰脚垫,华粹母婴专营店,"￥1,388.00 "
好孩子（gb） 【好孩子官方直营】gb好孩子宝马 儿童电动车 四轮遥控 车电动 童车W480QG 白色(W480QG-M200) 圣诞狂欢送好礼，全场满299送纯棉礼袋，满499送针织毯礼盒，立即抢~,好孩子官方旗舰店,"￥1,799.00 "
宝贝虎 【京东配送】 儿童电动车 三轮摩托宝宝玩具小孩电瓶童车1-4岁 炫酷黑色 【直降到底】欲购从速！下单就送礼！限量！抢！【货到付款发京东快递】,小小贝母婴专营店,￥188.00 
驰那米 【京东配送】新款 儿童电动车 摇摆可坐人男女宝宝小孩婴儿带遥控早教玩具电瓶四轮童车 高配【烤漆红色】双驱+摇摆+拉杆+音乐+安全带,锐谷母婴专营店,￥698.00 
【宝贝趴】好加 儿童电动车 儿童电动 三轮车 宝宝小孩可坐玩具车 儿童电动 摩托车 室内玩具童车 白色,好加旗舰店,￥248.00 
泷森兰博基尼 儿童电动车 童车小孩宝宝可坐人带遥控四轮双驱 电动 玩具汽车男女婴儿 遥控跑车 酒红色+12V7A+软轮胎+音乐播放器+送皮座椅,唐煌母婴专营店,"￥1,188.00 "
金宝（JINBAO） 圣诞 儿童 礼物 电动车 四轮遥控汽车摇摆可坐人小孩宝宝玩具童车烤漆充气轮 白色 早教 摇摆 遥控 电动儿童车单品促销套装促销活动,口碑母婴专营店,￥658.00 
天顺 【京东配送】 儿童电动 摩托车男女宝宝男童女童玩具车电瓶车踏板式 电动 玩具车三轮车童车 红色 音乐 故事  早教 支持扩展 【晒图 送好礼】音乐 故事 英文早教   支持拓展 MP3  SD卡  USB,欧侃腾母婴专营店,￥268.00 
【京东配送】 儿童电动 摩托车三轮车可坐 电动 汽车宝宝音乐早教玩具车小孩玩具 电动车 萌萌兔（多媒体功能） 【京东仓配送】优惠不停滞！带音乐早教，骑行娱乐两不误，七天无理由退货，还送运费险哦！,聚品母婴,￥ 258.00 ￥245.00
贝瑞佳（BeRica） 【奥迪授权 京东配送】 儿童电动车 四轮可坐人遥控摇摆小孩宝宝玩具汽车 顶配红色+双驱双电+蓝牙遥控+音乐早教+摇摇车 奥迪官方正版授权！支持京东配送，货到付款！下单送礼物 ！,星宝童车童床专营店,￥468.00 
倍瑞多（beiruidor） 京东配送】 儿童电动车 四轮遥控汽车摇摆可坐人小孩宝宝玩具童车 烤漆酒红+2.4G遥控+摇摆+拉杆+皮座位 【直降到底】欲购从速！下单就送礼！限量！抢！【货到付款发京东快递】,小贝贝母婴专营店,￥538.00 
婴巯玻ㄙingaixi） 儿童电动车 四轮带遥控 电动车 双驱可坐宝宝摇摆车摩托车玩具童车 萌黄侠 早教 新品普通款只售398元一辆 可领卷购买,酷伴母婴专营店,￥398.00 
奇动（QIDONG） 儿童电动车 摩托车三轮车可坐 电动 汽车宝宝玩具 儿童 玩具车可坐人童车 黄色+一键启动+音乐+炫酷灯光,长嘴巴母婴专营店,￥228.00 
【京东配送】哈雷贝拉奔驰G63 儿童电动车 四轮大号越野遥控玩具汽车可坐人小孩宝宝电瓶车带摇摆 (烤漆黑)独立摇摆+手拉杆+六档调速+早教功能 新款升级带独立摇摆（超市摇摇车功能） 烤漆外观  带手拉杆  高双开门  六档调速 避震,朵朵云婴童专营店,"￥1,388.00 "
快乐达 【京东配送】玛莎拉蒂 儿童电动车电动 童车四轮可坐遥控小汽车小孩玩具车双电双驱童车 顶配红色+双驱双电+蓝牙遥控+音乐早教+摇摇车 下单就送礼！限时！限量！抢！,舍宇母婴专营店,￥398.00 
鹰豪 【货到付款】美奇 儿童 玩具 儿童电动车 可坐人电动三轮摩托车1-3岁小孩玩具车 红黑色 【6期免息】【支持买贵退差】【可爱美奇妮妮】【警车有尾灯】【晒图奖励10】,鹰豪儿童电动车旗舰店,￥278.00 
好滴 【京东配送】 儿童电动车 四轮摇摆车 遥控婴幼儿男女宝宝可坐人玩具汽车童车 烤漆酒红 摇摆+遥控+避震+五点式皮座+自发电 【活动火爆  延长一天 错过再等一年】,赫誉童车专营店,￥588.00 
宝贝虎 儿童电动车 四轮车婴幼儿童车 小孩遥控婴儿推车汽车宝宝玩具车 烤漆酒红+摇摆+遥控+早教音乐+推车功能,赫誉母婴专营店,￥568.00 
【京东配送】 儿童车电动车 大号摩托车宝宝三轮车可坐人 电动 玩具车小孩汽车 【京东配送+顶配】皓月白+双驱动避震+炫彩发光轮 【京东配送+货到付款】优惠直降！适合3-8岁宝宝，早教功能，炫彩发光轮，赠送运费险！！！,聚品童车专营店,￥ 439.00 ￥417.00
【京东配送】双座吉普越野 儿童电动车 四轮四驱大号带摇摆可遥控玩具汽车可坐人男女小孩宝宝电瓶车 红色+四驱+10A电瓶+皮座椅+防爆发光软轮+摇摆 大吉普霸气双人座大轮胎 皮座椅可前后调节  摇摆  可选四驱大电瓶,华粹母婴专营店,￥ 1168.00 ￥1109.60
快乐达 【 京东配送】玛莎拉蒂 儿童电动车 四轮蓝牙遥控汽车可坐婴幼儿男女宝宝小孩童车玩具车 顶配蓝色+双驱双电+蓝牙遥控+音乐早教+摇摇车 【保价30天】直降！抢！（货到付款京东快递）,麦莫母婴专营店,￥398.00 
贝瑞佳 【宾利授权 京东配送】 儿童电动车 汽车童车四轮遥控摇摆双开门可坐宝宝小孩玩具车 旗舰版白 +摇摆+蓝牙遥控+液压剪刀门+6字可亮 货到付款 京东配送    蓝牙遥控+独立摇摆+USB音乐+6字LED灯+液压剪刀门,禾荫母婴专营店,￥598.00 
【奥迪官方授权 贝瑞佳官方旗舰店】 儿童电动车 四轮摇摆双驱遥控婴儿小孩玩具车可坐人汽车童车 红摇摆+双驱遥控+USB音乐早教+LED灯 【安全承诺品牌】贝瑞佳官方旗舰店  奥迪正版授权官方店 下单送礼包  货到付款 京东配送,贝瑞佳童车官方旗舰店,￥468.00 
蚁道（JLYIDAO） 京东配送【四驱】 儿童电动车 吉普越野带摇摆可遥控汽车可坐人玩具童车 【四轮驱动】顶配红+音乐早教+摇摇车+加宽胎+遥控 【领券下单立减100】限时限量发放【四轮驱动。马力强劲】下单就送礼！（货到付款走京东快递）,大鹏童车专营店,￥658.00 
智乐堡（CHILOKBO） 儿童电动车 迈凯伦跑车小孩四轮可坐玩具汽车宝宝双驱动赛车 黄色 会员促销,塔谷玩具专营店,￥ 1588.00 ￥1428.00
贝瑞佳 【宾利授权 京东配送】 儿童电动车 四轮可坐人遥控摇摆婴幼儿男女宝宝小孩玩具车 白色剪刀门+蓝牙遥控+音乐早教+摇摇车+LED灯 2018新品~！宾利正版授权 ！下单就送礼物，随车一起寄出~！支持京东配送！货到付款！,中博母婴专营店,￥598.00 
【京东超市】保时捷 儿童电动车电动 摇摆汽车遥控汽车可坐宝宝童车玩具汽车 高配烤漆款-玫瑰红 圣 诞 狂 欢 【领 券 下 单】，一 降 到 底，降 到 手 软 ~！！！,博海鼎盛母婴专营店,￥599.00 
活石 儿童电动车 加厚耐摔四轮可坐人宝宝挖掘机土机仿真音效音乐早教婴儿玩具车汽车 电动 挖掘机（声效版）,活石旗舰店,￥268.00 
爱豹 【京东配送】法拉利 儿童电动车 可坐小孩宝宝四轮双驱动跑车带遥控带摇摆电瓶玩具汽车 黄=蝶翼门+早教+缓启动+拉杆,迅奇母婴专营店,￥598.00 
儿童电动车 太空车四轮可坐人玩具童车宝宝汽车小孩婴儿手推车遥控汽车摩托车摇摆车 白色+摇摆+伸缩式推杆+遥控+五点式安全带 下单自动有满减活动哦,巧朔母婴专营店,￥428.00 
栋马 【京东配送】 奔驰授权 儿童电动车 越野遥控四轮可坐 电动 玩具双驱双开门 高双开门烤漆黑色+2.4G遥控器 【12.26-1.01】年末大促！跨店每满299-50立减中！,瑞达母婴专营店,"￥1,488.00 "
贝瑞佳（BeRica） 【奔驰授权京东配送】 儿童电动车 四轮可坐人双驱遥控宝宝玩具车MP4 黑+液晶显示屏+中控2.4G蓝牙+防爆软轮+皮座椅 下单减100！奔驰官方正版授权！MP4放动画~集成中控~手机蓝牙对接放音乐！,星宝童车童床专营店,"￥1,288.00 "
祁裕 【京东配送】小不点奥迪款 儿童电动 汽车可坐人双开门四轮充电玩具遥控车可选双驱早教机摇 顶配款中国红色遥控大电瓶双驱动早教机摇摆减震日行灯 迎圣诞！送宝贝 小朋友礼物  双开门 性价比超高 适合1到4周岁自驾遥控,汇鑫锦文母婴专营店,￥369.00 
宝贝虎 【京东配送】 儿童电动车 兰博基尼四轮遥控车孩子可坐宝宝玩具摇摆汽车烤漆双驱 电动 童车 烤漆酒红+独立摇摆+蓝牙遥控+皮座位+双驱+剪刀门 【直降到底】欲购从速！下单就送礼！限量！抢！【货到付款发京东快递】,小小贝母婴专营店,￥568.00 
【京东配送】哈雷贝拉奔驰双人座 儿童电动车 四轮带遥控宝宝玩具车可坐人大型越野四驱双电瓶童车 烤漆红★仿真空调+拉杆+四驱+双电瓶+防爆软轮 2017新款奔驰授权 双座适合两个宝宝的家庭 四驱动力 双电瓶续航,华粹母婴专营店,"￥2,358.00 "
栋马 四驱双座大 儿童电动车 四轮可坐人摇摆童车带遥控玩具越野车电瓶宝宝汽车 儿童车 婴儿玩具车 升级四驱+红色+皮座+橡胶发光轮+摇摆+加大电瓶 下单自动有满减活动哦,巧朔母婴专营店,"￥1,168.00 "
【京东配送】 儿童车电动车 宝宝车摩托车三轮车可坐人 电动 玩具汽车 【京仓配送】雪山白【音乐炫酷灯光】 【京东配送 货到付款】直降优惠中！音乐早教，炫酷发光，轻松便携，赠送运费险！！,聚品童车专营店,￥ 228.00 ￥216.00
语贝佳 儿童电动车 四轮可坐人玩具车带遥控宝宝越野汽车 红色【普通座椅+遥控+摇摆功能+四轮驱动大电瓶】 四轮驱动，动力强劲【评价晒图，赠遥控越野车一辆，自由参加，不强制】,春之龙母婴用品专营店,￥729.00 
【京东超市】 儿童电动车 宝宝 电动 摩托车 电动 三轮车充电 电动 童车带早教灯光玩具汽车 小黄人早教版 圣 诞 狂 欢 【领 券 下 单】，一 降 到 底，降 到 手 软 ~！！！,博海鼎盛母婴专营店,￥198.00 
爱豹 2017新款 儿童电动车 四轮卡丁车小孩玩具汽车4-5-8岁男女宝宝带遥控可坐人童车黄 黄色+早教+大电瓶+防爆轮+炫灯 【京东秒杀】【12.15   8点开售】只有1天，时间不多，限量50辆，抢抢抢。。。,迅奇母婴专营店,￥768.00 
快乐达 【京东配送】玛莎拉蒂 儿童电动车 四轮可坐童车摇摆车遥控男女宝宝可坐人玩具汽车童车 顶配蓝色+双驱双电+蓝牙遥控+音乐早教+摇摇车 爆款活动价 ，保价30天，买就送礼包，★★★★★,小小牧童玩具专营店,￥398.00 
【京东配送】驰那米保时捷 儿童电动车 四轮车婴幼儿摇摆童车小孩可坐人遥控汽车宝宝玩具 烤漆酒红 旗舰版 皮座椅+摇摆+双驱+2.4G遥控+通用功能 【直降优惠】【领卷满减】优惠多多、数量有限！欲购从速哦！限量！抢！,益京母婴专营店,￥698.00 
语贝佳 儿童电动车 摩托车三轮车可坐人宝宝玩具车 典雅白双驱动大电瓶 【京东配送】带音乐早教儿歌功能，2-3-5-6-7岁儿童,春之龙母婴专营店,￥439.00 
FENGSU 【京东配送】风速M6加长版 儿童电动车 四轮车婴幼儿车小孩遥控推车汽车宝宝玩具 烤漆酒红+2.4G遥控+推杆+发光轮+皮座椅 【11.11活动开始喽】,精艺母婴专营店,￥798.00 
【正版授权 京东配送】奔驰SL65 儿童电动车 四轮可坐人男女宝宝小孩玩具汽车带遥控可摇摆童车 抛光白色+音乐早教+独立摇摆（摇摇车功能） 【奔驰正版授权】 增值服务里可选旗舰版防爆避震软胎配置  【京东配送】可调节座椅  摇摇车,诚尚贝贝母婴专营店,￥698.00 
【京东配送】哈雷贝拉奔驰双人座 儿童电动车 四轮带遥控宝宝玩具车可坐人大号越野四驱汽车双电瓶 烤漆红★仿真空调+拉杆+四驱+双电瓶+防爆软轮 奔驰正版授权 四驱双座双电瓶大奔 适合两个小孩家庭 创新设计风扇出风口 呵护宝宝,朵朵云婴童专营店,"￥2,398.00 "
jeep吉普 儿童电动车 四驱动大越野车牧马人大电瓶充电四轮汽车双人双座摇摆遥控可坐人童车玩具 红色四驱高配 支持通过蓝牙无线播放手机音乐（目前只有我们有此功能）强劲四驱、大动力爬坡有力！双人双座！,丽妮诗曼官方旗舰店,￥658.00 
蚁道（JLYIDAO） 【京东配送】 儿童电动车 童车四轮可坐带遥控玩具汽车宝宝孩子越野童车 顶配红+双驱大电瓶+蓝牙遥控+音乐早教+摇摇车 【直降到底】欲购从速！下单就送礼！限量！抢！【货到付款发京东快递】,大鹏母婴专营店,￥518.00 
RASTAR 【法拉利 授权】星辉法拉利 儿童电动车 四轮遥控小孩童车宝宝玩具汽车可坐人跑车 红色(1至8岁) 双驱双电机 法拉利正版授权，空间大，续航时间久，音乐播放功能，人体工学真皮软座，软质后视镜，蝴蝶门,塔谷玩具专营店,￥ 1950.00 ￥1850.00
贝瑞佳（BeRica） 儿童电动车 四轮双驱 遥控 电动 童车宝宝可坐小汽车 电动车 白色2.4G双驱+避震+独立摇摆+LED大灯 升级皮座 加送脚垫 正版宾利授权 品质保障,皇寺母婴专营店,"￥1,388.00 "
爱豹 【京东配送】 儿童电动车 可坐小孩宝宝四轮双驱双电跑车带遥控带摇摆电瓶玩具汽车 至尊红 圣诞节保价【京仓发货】【时效无忧】【真皮座椅】【液压式开门】【电子风扇】【双电双驱+摇摆】,蜜橙母婴专营店,￥699.00 
宝贝虎 【京东配送】 新款加长版118 儿童电动车 四轮汽车可坐带遥控玩具宝宝 电动车 摇摆车 红色+拉杆+双电瓶+MP3插口+遥控+摇摆 【活动火爆  延长一天 错过再等一年】,赫誉母婴专营店,￥488.00 
【京东超市】 儿童电动车 四轮宝宝玩具汽车可坐人护栏推杆婴儿滑行学步童车 红色 多功能儿童电动四轮汽车【护栏+推杆+可收合脚踏板】=4车合1,孩子家旗舰店,￥249.00 
【京东配送】快乐达 儿童电动车 儿童电动 摩托车三轮车小孩可坐玩具车男女宝宝婴儿电瓶车可充电 猫咪款粉色 【京东配送】【上海仓发货】【送螺丝刀】1-4岁宝宝可坐儿童摩托车，带音乐，脚踩油门,优聚母婴专营店,￥198.00 
小荧星（xiaoyingxing） 儿童电动车 四轮可坐人玩具车双驱动遥控汽车 炫酷黑 充气轮 【双电瓶，双电机，性能强悍】【下单送畅玩礼包】【需要遥控功能的请拍遥控款】,喜娃母婴专营店,￥299.00 
京东超市 卡蒂勒（CARDIRO） 玛莎拉蒂款 儿童电动车 四轮摇摆双驱带遥控 玩具车汽车童车 绚丽黄+自发电+摇摆+皮座+早教 赠送：皮座椅、坐垫、方向盘把套、模型玩具、车罩、车牌、安装工具大礼包,宜宝母婴专营店,￥548.00 
儿童电动车 保时捷四轮双驱避震可坐人带遥控 电动 汽车 摇摆 儿童 玩具车男孩女孩跑车 大红 升级版+遥控+摇摆 【顺丰配送】,长嘴巴母婴专营店,￥518.00 
钻贝新款超级飞侠 儿童车电动车 1-3岁宝宝车摩托车三轮车可坐人 电动 玩具可充电 红色 超级飞侠，音乐，早教，电动，摩托车,隆聚母婴专营店,￥198.00 
贝瑞佳（BeRica） 儿童电动车 四轮双驱遥控婴儿小孩玩具车可坐人汽车 2.4红双驱中控+一键启动+讲故事功能MP3+FM 贝瑞佳官方旗舰店 满299元减50元！加送礼包！狂欢不止！,贝瑞佳童车官方旗舰店,￥708.00 
（BRJ） 儿童电动车 带摇摆遥控男女婴儿小孩玩具电瓶车可坐人汽车四轮 电动 童车 大眼萌黄新升级 大眼萌 出口欧洲 风靡意大利,皆因有爱儿童用品专营店,￥598.00 
蚁道（JLYIDAO） 新款路虎 儿童电动车 加长版四轮汽车可坐带遥控玩具婴幼儿宝宝 电动车 红色+双驱双电+蓝牙遥控+音乐早教 新品冲量！！敬请抢购！！,恒语童车专营店,￥428.00 
京东超市 卡蒂勒（CARDIRO） 儿童电动车 四轮摇摆双驱带遥控 玩具车汽车童车 红色经典+自发电+摇摆+皮座+早教 双驱+摇摆+避震+2.4G蓝牙遥控 赠送：皮座椅、坐垫、方向盘把套、模型玩具、车罩、车牌、安装工具大礼包,宜宝母婴专营店,￥538.00 
孩智堡 儿童电动车 带遥控摩托车 护栏三轮 四轮童车宝宝玩具车电瓶车音乐货到付款 包邮 四轮酷黑摇控+摇摆+推杆+MP3接口 赶紧抢抢抢！带遥控器，摇摇功能，带安全带，有推杆,卿贝母婴专营店,￥288.00 
[京东配送] 儿童电动车 三轮车摩托车 宝宝可坐玩具车 小孩 电动车 红色 【赠送手表1只】3档控制 配灯光 音乐 大号摩托车,孩子家母婴专营店,￥218.00 
FL 【京东配送】 飞乐 儿童电动 摩托车 宝宝小孩 电动车 三轮车可坐人充电 2-7岁男女宝宝 公子白 【限时抢购】 音乐早教 酷炫灯光 前进后退。。。,凯施德童车专营店,￥228.00 
巨（JULONG） 奔驰 儿童电动车 四轮玩具车宝宝可坐摇摆遥控越野型 电动 童车 旗舰版烤漆:酒红+皮座+橡胶防爆软轮 车座前后可调 便携拉手 独立摇摆 三档调速 一键刹车  车体避震 【货到付款京东快递】,阿迪乐母婴专营店,￥718.00 
驰鹿 【京东超市】 儿童 四轮 电动 汽车带减震遥控玩具车可坐人可充电双电双驱宝宝小孩电瓶车 中国红【京东配送】 【京东配送】【四轮闪光】【音乐、故事】【摇摆功能。带遥控】【评价晒图送扭扭车一辆】,居上母婴专营店,￥899.00 
噜贝贝（lubeibei） 儿童电动车 摩托车可坐人三轮玩具汽车宝宝童车 中国红-三轮摩托车 【顺丰包邮】【终身售后】【防后翻设计】【车载音乐】,旺堆母婴旗舰店,￥178.00 
【京东超市】 儿童电动车电动 越野车SUV四轮摇摆车宝宝 电动 遥控玩具汽车 早教避震烤漆款-红色 圣 诞 狂 欢 【领 券 下 单】，一 降 到 底，降 到 手 软 ~！！！,博海鼎盛母婴专营店,￥528.00 
儿童电动车 三轮车摩托车宝宝可坐玩具车小孩电瓶车 樱桃粉4.5安+礼品 自带多首动感音乐.早教，新增超炫闪灯！适用1-5岁,佳宥母婴专营店,￥168.00 
【京东配送】吉普 儿童电动车 四驱遥控越野摇摆汽车宝宝四轮越野童车可坐人宝宝小孩遥控玩具汽车 高配白色双驱+遥控+摇摆+塑料轮+皮座+减震器 下单送好礼！限时！限量！抢！抢！抢！四驱动力！ 独立摇摆功能,琪儿宝母婴专营店,￥798.00 
酷车e族 【京东配送】 儿童电动车 小黄鸭 电动 三轮车摩托车小孩宝宝玩具车男女可坐人 黄色-8015 【清仓直降】【下单立送小礼物】【京东配送】【货到付款】【小黄鸭正版授权】【通过3C认证】,海雷母婴专营店,￥199.00 
LEKANG [京东配送] 儿童电动车 摩托车 三轮摩托车 手推车 红色 可手推 可电动 带立活切换 并配有护栏  有安装工具(可选带蓬款),孩子家旗舰店,￥249.00 
宝贝虎 【京东配送】7288A 儿童电动车 四轮双驱车遥控汽车 可坐男女宝宝车小孩玩具车 红色+2.4G遥控+后备箱+拉杆功能 【活动火爆  延长一天 错过再等一年】,九妹童车,￥488.00 
萨玛特 儿童电动车 摩托车室内外玩具车宝宝手推车 儿童 可坐人四轮 电动 汽车瓦力车电瓶车968 象牙白-手推顶配版 好评加晒图送100粒玩具积木一套,梦迪儿母婴专营店,￥499.00 
锋达玩具（FD） 儿童电动车 摩托车玩具车可坐人三轮车小孩 电动车 婴儿宝宝电瓶车 9801A 红色 电动车 适合1.5岁---5.5岁的宝宝 元旦活动三免一，产品任您选，还有优惠券别忘了哟！点击查看,赛思母婴专营店,￥259.00 
宝贝虎 【京东配送】新款兰博基尼 儿童电动车 四轮玩具车可坐人 儿童 汽车双驱 电动 汽车 高配红+双驱双电+剪刀门+摇摆功能 【11.11活动开始喽】,精艺母婴专营店,￥488.00 
好滴 【京东配送】 儿童电动车 四轮摇摆车 遥控婴幼儿男女宝宝可坐人玩具汽车童车 烤漆酒红 摇摆+遥控+避震+五点式皮座+自发电 2-3小时长续航 遥控自驾 摇摆功能 早教,玖努母婴专营店,￥588.00 
【京东配送】宝贝虎 新款儿童电动车 四轮双驱动 儿童 汽车悍马 儿童 车遥控可坐玩具车 白色+蓝牙遥控+四轮发光+脚踏刹车+摇摆+皮座椅 支持货到付款 京东配送~!下单就送礼物 随车一起寄出~！,中博母婴专营店,￥658.00 
语贝佳 儿童电动车 四轮小孩玩具车可坐人宝宝遥控越野车 白色【普通座椅+遥控+摇摆功能+四轮驱动大电瓶】 新款越野车，四驱动力，12V大电瓶持久续航,春之龙母婴专营店,￥729.00 
蚁道（JLYIDAO） 京东配送 儿童电动车 吉普四轮汽车可坐带遥控玩具宝宝 电动车 越野车童车 顶配蓝色+蓝牙遥控+音乐早教+摇摇车 【直降到底】欲购从速！下单就送礼！限量！抢！【货到付款发京东快递】,小贝贝母婴专营店,￥518.00 
【京东配送】正版授权宾利 儿童电动车 四轮摇摆双驱遥控电瓶车婴儿小孩玩具车可坐人汽车 白+剪刀门+双驱+蓝牙遥控+音乐早教+摇摆 【京东配送】【上海仓发货】正版宾利授权车 液压式车门 带摇摆 0-4岁宝宝,优聚母婴专营店,￥598.00 
驰那米 京东配送 儿童电动车 四轮电瓶车汽车可坐人摇摆玩具车摩托车宝宝童车婴儿手推车太空车 白色双驱+摇摆+推杆+五点式安全带+皮座,迪卡乐母婴专营店,￥458.00 
宝贝虎 【京东配送】新款保时捷 儿童电动车 四轮双驱遥控汽车可坐宝宝车小孩童车玩具 红色+蓝牙遥控+四轮避震+手拉杆+双开门 【直降到底】欲购从速！ 下单就送礼！限量！抢！【货到付款发京东快递】,大鹏母婴专营店,￥458.00 
好儿宝 【京东配送】加长版 儿童电动车 童车四轮可坐带遥控玩具汽车宝宝 电动车 越野 电动 童车 红色+双开门+皮质座椅+四轮发光+四轮避震 【直降到底】欲购从速！下单就送礼！限量！抢！【货到付款发京东快递】,大鹏母婴专营店,￥588.00 
婴巯玻ㄙingaixi） 儿童电动车 摇摆童车四轮室内车带遥控玩具车宝宝可坐室内外手推车 【萌黄侠升级版】所有功能+五点式安全带+皮座+餐盘,水木年华母婴专营店,￥438.00 
【货到付款 京东配送】 儿童电动车 三轮小孩玩具车可坐人电动童车 红色 支持货到付款 京东配送~!下单就送礼物 随车一起寄出~！,中博母婴专营店,￥168.00 
福儿宝（FUERBAO） 授权奥迪R8 儿童电动车 四轮双驱遥控摇摆电瓶车小孩玩具车坐人汽车 【红色】双电双驱+独立摇摆+蓝牙遥控+五点式皮座椅 正版授权  早教 LED彩灯,佳仕博母婴专营店,￥478.00 
LEKANG 儿童电动车 摩托车可推童车 玩具车可坐人摩托车 电动 汽车带护栏 推把 红色 配送充电器及安装工具  可推 可坐可滑行的儿童电动车,家美专营店,￥249.00 
IWAN 儿童电动车 四轮避震可坐人四驱越野摇摆车宝宝玩具 儿童车 火影红-皮座椅+升级双驱+独立摇摆+早教功能发光轮 新升级款，带摇摆早教功能，四驱炫彩车轮，下单立减100，赠送皮座椅套！！,聚品童车专营店,￥699.00 
好加（GoodPlus） 【京东配送】 儿童电动车 新款加长版吉普四轮可坐遥控玩具越野车童车 顶配蓝色+蓝牙遥控+音乐早教+摇摇车,好加旗舰店,￥518.00 
【京东配送】 儿童电动车 四轮童车1-3-4-5岁遥控男女婴儿小孩玩具车可坐人汽车宝宝电瓶童车 烤漆酒红+音乐早教+2.4G遥控+摇摆 2017新款 摇摆音乐早教一体多功能,万通母婴专营店,￥698.00 
倍瑞多（beiruidor） 【京东配送】烤漆 儿童电动车 四轮可坐汽车小孩玩具遥控男女童车 烤漆酒红+摇摆+2.4G遥控+拉杆+发光轮+皮座位 【直降到底】下单就送礼！欲购从速！限时！限量！抢！抢！（货到付款走京东快递）,小小贝母婴专营店,￥568.00 
科幻 儿童电动车 太空摩托车3-8岁宝宝婴儿可坐玩具车小孩 电动 三轮摩托车大号童车 黑色+双驱+自驾+12v大电瓶,唐煌母婴专营店,￥558.00 
酷太阳 吉普双座 儿童电动车 四轮双驱童车宝宝可坐四驱越野遥控汽车小孩玩具车可坐人越野车 白四驱+皮座+发泡软轮+12V10A电瓶+蓝牙遥控 下单送好礼！抢！抢！抢！2.4G蓝牙遥控器  四驱动力,琪儿宝母婴专营店,"￥1,588.00 "
儿童电动 摩托车 男女小孩 电动 三轮车可坐人宝宝玩具童车小黄人甲壳虫电瓶车 甲壳虫电摩 2017年终狂欢节，全店商品2件9折，3件8.5折，更有店铺优惠券，叠加优惠享不停！,乔之宇母婴专营店,￥126.00 
[京东配送] 儿童电动车 带推杆三轮车推车宝宝汽车可坐 甲壳虫 可推行 可电动 0.8-5岁适用,家美专营店,￥239.00 
爱豹 【京东配送】法拉利 儿童电动车 可坐小孩宝宝四轮双驱动跑车带遥控带摇摆电瓶玩具汽车 黄=蝶翼门+早教+缓启动+拉杆+风扇+摇摆+皮座椅,迅奇母婴专营店,￥698.00 
JEEP吉普牧马人 儿童电动 四轮汽车遥控摇摆四驱超大号越野车大电瓶充电双人可坐人童车摇摇椅 红色四驱高配（超大电瓶、遥控、摇摆、缓启动） 支持通过蓝牙无线播放手机音乐（目前只有我们有此功能）超大电瓶！强劲四驱、大动力爬坡有力！！,浩博母婴专营店,￥658.00 
鹰豪 【货到付款】 儿童电动车 宝宝玩具车可坐人汽车四轮带遥控摇摆小孩 电动 汽车 白色 2.4G遥控+摇摆+缓启动+便携拉杆+双开门 【支持买贵退差】【带拉杆和辅轮】【可遥控可遥控可自驾】【音乐早教故事唐诗】,鹰豪儿童电动车旗舰店,￥698.00 
语贝佳 儿童电动车 四轮越野车宝宝遥控玩具车可坐人小孩汽车 白色【音乐+遥控+灯光】 炫酷灯光，新品上架【评价晒图，赠遥控越野车一辆，自由参加，不强制】,春之龙母婴用品专营店,￥858.00 
【京东配送】加长版 儿童电动车 童车四轮可坐带遥控玩具汽车宝宝孩子越野 电动 童车四轮避震手拉杆 红色 蓝牙遥控+四轮避震+手拉干 新款儿童电动车！！让你玩的安全又放心抢枪抢！！！【货到付款发京东快递】,恒语童车专营店,￥518.00 
鹰豪 【货到付款】美奇 儿童 玩具 儿童电动车 可坐人电动三轮摩托车1-3岁小孩玩具车 红黑色 【6期免息】【支持买贵退差】【可爱美奇妮妮】【警车有尾灯】【晒图奖励10】,鹰豪儿童电动车旗舰店,￥278.00 
【官方旗舰店 可选播动画带液晶屏】贝瑞佳 儿童电动车 可座双驱越野车带遥控四轮 儿童电动 汽车授权 黑2.4G双驱+中控+避震 【安全承诺品牌】贝瑞佳官方旗舰店 满599元减100元！加送礼包！狂欢不止！,贝瑞佳童车官方旗舰店,"￥1,158.00 "
TEKNUM 儿童电动车 可坐带遥控充电1-3岁宝宝四轮玩具小汽车子童车 红色【烤漆版+自发电+缓启动+多功能+皮座】 【自发电】技术持久续航技术 缓起步,TEKNUM母婴旗舰店,￥599.00 
dodoto 儿童电动车 四轮避震遥控小汽车摇摆玩具车可坐人双电双驱烤漆 儿童 玩具车6688 红色-2.4G蓝牙遥控+摇摆 双电双驱遥控版 【评价晒图送皮座椅或积木 两者二选一】特价产品 特价产品 戳我 戳我,dodoto旗舰店,￥699.00 
栋马 【京东配送】 路虎授权 儿童电动车 四轮可坐 儿童 汽车遥控音乐 宝宝玩具汽车童车礼物 烤漆黑色+2.4G遥控器 【12.26-1.01】年末大促！跨店每满299-50立减中！,瑞达母婴专营店,"￥1,388.00 "
【京东配送】快乐达宝马车型 儿童电动车 四轮双驱遥控 电动 童车男女宝宝可坐玩具车小孩汽车 高配白+双电三机+摇摆+发光轮+2.4G+通用功能 【直降优惠】【领卷满减】优惠多多、数量有限！欲购从速哦！限量！抢！抢！抢！,益京母婴专营店,￥568.00 
恒泰（HENGTAI） 超级飞侠 正版乐迪 电动车儿童 女孩玩具飞机四轮可坐多功能摇摇车男孩 乐迪正版 电动 童车 圣诞年终盛典全场领券满99-5 199-10 299-15智能玩具全场 京东配送快速到达！,熊猫猫玩具专营店,￥688.00 
【京东超市】 儿童电动车 宝宝 电动 摩托车 电动 三轮车充电 电动 童车带早教灯光玩具汽车 灯光音乐款-白色 圣 诞 狂 欢 【领 券 下 单】，一 降 到 底，降 到 手 软 ~！！！,博海鼎盛母婴专营店,￥178.00 
【宾利授权 贝瑞佳官方旗舰店】 儿童电动车 四轮摇摆双驱遥控婴儿小孩玩具车可坐人汽车童车 白摇摆+双驱+2.4G遥控+音乐早教+LED灯 【安全承诺品牌】贝瑞佳官方旗舰店  宾利正版授权官方店 下单送礼包＋早教机＋翻斗车！,贝瑞佳童车官方旗舰店,￥598.00 
鹰豪 【京东配送】 儿童电动车 四轮摇摆童车男女宝宝带遥控汽车玩具车可坐人 至尊版:奶白+蓝牙音乐+摇摆+遥控+后备箱 先领券再下单！,瑞达母婴专营店,￥699.00 
【京东配送】奥迪带遮阳棚 儿童电动车 摇摆童车小孩宝宝可坐人带遥控四轮 电动 玩具小汽车男女跑车 烤漆酒红★拉杆+储物箱+带蓬+摇摆+防爆发光软轮 新款奥迪正版授权带遮阳棚，很有个性。,华粹母婴专营店,"￥1,258.00 "
悠比 儿童电动车 宝宝 电动 摩托车三轮可坐 电动 汽车 中国红,悠比官方旗舰店,￥238.00 
星辉（Rastar） 儿童电动车 法拉利 电动 童车 儿童 玩具汽车四轮遥控电瓶车 81900 红色 星辉车模品牌专卖，全店满199赠机器人，满599赠遥控车！点击查看更多款式：,星辉车模专营店,￥950.00 
Smart BeBe 圣贝儿路虎款 儿童电动车 轮车 可坐人充电男女孩 电动 气车 宝宝电瓶童车 橙色 高配,SmartBeBe官方旗舰店,￥499.00 
RASTAR 京东配送 正版法拉利 儿童电动车 四轮车 宝宝车小孩遥控玩具汽车可坐人大号童车 法拉利正版授权=双驱+遥控自驾+红色 法拉利正版授权  遥控自驾双模式 送防爆软轮一套  法拉利脚垫,望丰母婴专营店,"￥1,950.00 "
【京东配送】哈雷贝拉奔驰G63 儿童电动车 四轮越野车双驱遥控汽车小孩宝宝玩具车可坐人摇摆车 (烤漆黑)缓启动+六档调速+早教功能+独立摇摆 带独立摇摆 手拉杆 出门轻松便携 烤漆外观 高开门防侧摔更加安全  加送奔驰脚垫,华粹母婴专营店,"￥1,388.00 "
金宝（JINBAO） 圣诞 儿童 礼物 电动车 四轮遥控汽车摇摆可坐人小孩宝宝玩具童车烤漆充气轮 白色 早教 摇摆 遥控 电动儿童车单品促销套装促销活动,口碑母婴专营店,￥658.00 
好孩子（gb） 【好孩子官方直营】gb好孩子宝马 儿童电动车 四轮遥控 车电动 童车W480QG 白色(W480QG-M200) 圣诞狂欢送好礼，全场满299送纯棉礼袋，满499送针织毯礼盒，立即抢~,好孩子官方旗舰店,"￥1,799.00 "
宝贝虎 【京东配送】 儿童电动车 三轮摩托宝宝玩具小孩电瓶童车1-4岁 炫酷黑色 【直降到底】欲购从速！下单就送礼！限量！抢！【货到付款发京东快递】,小小贝母婴专营店,￥188.00 
驰那米 【京东配送】新款 儿童电动车 摇摆可坐人男女宝宝小孩婴儿带遥控早教玩具电瓶四轮童车 高配【烤漆红色】双驱+摇摆+拉杆+音乐+安全带,锐谷母婴专营店,￥698.00 
LEKANG 儿童电动车 三轮摩托车 小孩玩具车可坐人宝宝童车 红色 带推杆 配护栏适合小宝宝使用 可组装多种模式,孩子家母婴专营店,￥249.00 
【宝贝趴】好加 儿童电动车 儿童电动 三轮车 宝宝小孩可坐玩具车 儿童电动 摩托车 室内玩具童车 白色,好加旗舰店,￥248.00 
泷森兰博基尼 儿童电动车 童车小孩宝宝可坐人带遥控四轮双驱 电动 玩具汽车男女婴儿 遥控跑车 酒红色+12V7A+软轮胎+音乐播放器+送皮座椅,唐煌母婴专营店,"￥1,188.00 "
蚁道（JLYIDAO） 【京东配送】 儿童电动车 路虎加长版四轮童车小孩可坐遥控汽车宝宝玩具 顶配红色+摇摆功能+双电瓶+2.4G遥控 【京东秒杀】【直降到底】欲购从速！下单就送礼！限量！抢！【货到付款发京东快递】,大鹏童车专营店,￥458.00 
【京东配送】布加迪双驱 儿童电动车 四轮可坐人玩具车小孩宝宝童车带遥控电动汽车摇摆车婴儿车 旗舰版【烤漆酒红】摇摆-皮座-音乐-遥控-发光轮,杰菲亚母婴专营店,￥798.00 
宝贝虎 【京东配送】新款 儿童电动车 四轮可坐人双驱摇摆遥控小孩男女宝宝自驾玩具汽车 烤漆酒红 升级避震摇摆+蓝牙遥控+早教音乐+拉杆推杆+皮座套 【货到付款 京东配送】 便携拉杆+后备箱+2.4G蓝牙遥控+早教音乐播放器+独立摇摆,星宝童车专营店,￥588.00 
宝贝虎 【京东配送】新款 儿童电动车 四轮可坐人双驱摇摆遥控小孩男女宝宝自驾玩具汽车 烤漆酒红 升级避震摇摆+蓝牙遥控+早教音乐+拉杆推杆+皮座套 【货到付款 京东配送】 便携拉杆+后备箱+2.4G蓝牙遥控+早教音乐播放器+独立摇摆,星宝童车专营店,￥588.00 
宝贝虎 【京东配送】新款兰博基尼 儿童电动车 四轮玩具车可坐人 儿童 汽车烤漆双驱 电动 汽车 烤漆酒红+全系配置+独立摇摆+烤漆工艺 【货到付款 京东配送】 便携拉杆+后备箱+2.4G蓝牙遥控+早教音乐播放器+独立摇摆,星宝童车专营店,￥568.00 
（BRJ） 儿童电动车 四轮摇摆遥控宝宝男女婴儿小孩玩具车可坐人小汽车电动童车 大眼萌黄新升级 【领券立减30】BRJ全新力作眼萌电动车 出口欧洲,王玉仲母婴专营店,￥598.00 
奔驰 儿童电动车 四轮可坐 越野 电动车 双驱动宝宝玩具电瓶汽车带遥控 曜岩黑【标准版】 梅赛德斯-奔驰 正版授权 店长推荐产品请点击,小荧星丰晟兴专卖店,￥999.00 
【正版授权】奔驰 儿童电动车 四轮可坐人带遥控摇摆宝宝小孩玩具汽车婴幼儿男女充电双驱越野童车 烤漆红】软胎+摇摆+遥控+皮座 奔驰正版授权 遥控自驾摇摆三用 座椅可前后调节,娃娃脸母婴专营店,￥728.00 
儿童电动车 三轮推车童车 可坐玩具汽车 飞机款 可推可电动配有护栏 满电可玩约2.5小时,孩子家母婴专营店,￥239.00 
鹰豪 【货到付款】 儿童电动 摩托车 儿童 玩具车可坐人 电动 三轮车1-3岁小孩玩具 白色 【支持买贵退差】【加大储物箱】【逼真警笛】【防滑轮胎】【海绵手把】,鹰豪儿童电动车旗舰店,￥268.00 
【宾利授权 京东配送】可摇摆 儿童电动车 四轮遥控 电动 玩具汽车可坐人宝宝小孩婴幼儿 电动 小汽车 【红色】2.4G双电双驱+全新中控+避震+独立摇摆 宾利公司授权 高端车中唯衣一个带摇摆的款,华粹母婴专营店,"￥1,388.00 "
TEKNUM 儿童电动车 带遥控摇摆可坐人童车小孩宝宝四轮玩具小汽车子 白色 电动车 手推车 遥控车 摇摆车 早教车,TEKNUM母婴旗舰店,￥428.00 
快乐达 【京东配送】宝马 儿童电动车电动 童车遥控小汽车小孩玩具车可坐四轮双电双驱童车 红色+推杆+遥控+摇摆+发光轮+缓起动+避震 下单就送礼！限时！限量！抢！,上海逸辕母婴专营店,￥488.00 
【 儿童 太空车】 儿童电动车 四轮太空车带遥控男女宝宝婴儿可坐人小孩电动玩具童车充电汽车 烤漆银灰顶配+双驱双电+摇摆+皮座 太空科幻儿童电动车上市了！炫酷！,图胜母婴专营店,￥650.00 
奇动（QIDONG） 儿童电动车 摩托车三轮车大白 儿童 摩托车可充电遥控男女宝宝电瓶车带护栏 蓝色 早教+音乐+灯光+一键启动 【领券下单立减】优惠多多！数量有限！欲购从速哦！限量！限量！限量！,长嘴巴母婴专营店,￥228.00 
贝瑞佳 宾利 儿童电动车 四轮摇摆童车男女婴儿车小孩遥控玩具车可坐人汽车 【白色】自驾+遥控+摇摆+液压剪刀门,迅鱼母婴专营店,￥598.00 
贝瑞佳（BeRica） 【宾利授权 京东配送】 儿童电动车 四轮可坐人遥控摇摆婴幼儿宝宝玩具 白色+剪刀门+双驱电+蓝牙遥控+音乐早教+摇摇车 新品 new~2018款宾利官方授权童车！支持京东配送 货到付款！下单送礼物 随车一起寄出,星宝童车童床专营店,￥598.00 
鹰豪 【货到付款】 儿童电动车 四轮摇摆童车男女宝宝带遥控汽车玩具车可坐人 至尊版:深蓝+蓝牙音乐+摇摆+遥控+后备箱+双开门 支持货到付款！！【可遥控可自驾】【蓝牙音乐】【双开门后备箱】,鹰豪儿童电动车旗舰店,￥699.00 
天顺 【京东配送】 儿童电动 摩托车男女童宝宝玩具车踏板式 电动 玩具车三轮车童车音乐款手推摇摆 粉色 【晒图 送好礼】音乐 早教 儿歌  故事   餐盘  推杆   摇摆功能   太强大了,欧侃腾母婴专营店,￥398.00 
Rollplay 美国 儿童电动车 小孩玩具车可坐人小火车1-5岁 星空蓝 官方正品  质量保证 不满意免费退换货 上门取件,Rollplay儿童户外玩具旗舰店,￥799.00 
黑米 【京东配送】 儿童电动车 越野款遥控小汽车玩具车可坐人双电双驱小孩电瓶车宝宝童车818 亮黑色-尊享版 双电双驱+2.4G蓝牙遥控尊贵版 【京东仓配送】遥控  自驾  音乐灯光   双电双驱 【 评价晒图送扭扭车】,居上母婴专营店,￥699.00 
笑娃娃四轮 儿童电动车 遥控玩具车可坐人汽烤漆红色 高仿真酷炫跑车，遥控自驾一体式，快乐童年，和你分享！,笑娃娃京东自营旗舰店,￥668.00 
孩智堡 儿童电动车 遥控汽车童车四轮车摇摆推车卡通车带早教音乐蓝牙播放小孩玩具电瓶车 小黄人 高配摇控+蓝牙播曲+推杆+摇摆+发光轮+皮座椅 蓝牙播放音乐，送大礼包，可定制个性车牌可京东配送12月12日促销开始年终盛典，火力全开，赶,卿贝母婴专营店,￥458.00 
驰那米 保时捷 儿童电动车 童车小孩宝宝可坐人带遥控四轮双驱 电动 玩具汽车男女婴儿摇摆遥控跑车 烤漆酒红+播放器+皮座椅+双驱+摇摆+遥控,唐煌母婴专营店,￥698.00 
【奥迪授权 京东配送】 儿童电动车 四轮玩具车可坐人男女宝宝带遥控童车跑车摇摆小孩 电动 小汽车 【烤漆酒红】摇摆+遮阳篷+可调节座椅+发光软轮 遮阳棚 遮阳棚  独立摇摆 正版奥迪授权 货到付款 京东配送,朵朵云婴童专营店,"￥1,258.00 "
贝瑞佳（BeRica） 儿童电动车 四轮 电动 汽车带摇摆宝宝可坐人遥控 电动 童车小孩玩具车 奥迪 黄色+摇摆+一键刹车+皮座 正品授权 奥迪R8 1-8岁适用  独立摇摆电机 双门轿跑车 大号,皇寺母婴专营店,￥878.00 
宝贝虎 京东配送】新款 儿童电动车 三轮车摩托车宝宝可坐玩具车小孩电瓶车童车1-4岁 大红色 【优惠直降中】下单就送礼！欲购从速！限时！限量！抢！抢！（货到付款走京东快递）,大鹏童车专营店,￥188.00 
福儿宝（FUERBAO） 福儿宝 儿童电动车 四轮双驱可坐人遥控 电动 汽车独立摇摆 儿童 玩具车 可爱粉+双电双驱+3档遥控+1.2米大空间 【货到付款，京东配送】,好娃娃母婴专营店,￥488.00 
祁裕 【京东配送】法拉利款 儿童电动 汽车坐人遥控可选变速自带音乐摇摆功能避震缓启充电玩具车 标配款红色遥控单电单驱避震后备箱（无礼品） 货到付款 迎圣诞！送宝贝 小朋友礼物 充电式有遥控器 可坐人自驾 除标配以外其它都有随机礼,汇鑫锦文母婴专营店,￥286.00 
婴巯玻ㄙingaixi） 儿童电动车 摇摆童车四轮室内车带遥控玩具车宝宝可坐室内外手推车 【萌黄侠】手推杆+自驾+摇摆+遥控+早教+投影,水木年华母婴专营店,￥398.00 
儿童电动车 婴幼小孩四轮可坐人充电遥控车宝宝玩具汽车跑车童车 特价版活力红+单电单驱+遥控+后备箱 灯光+音乐+可充电可坐人可遥控可自驾【小款尺寸95CM适合1-3岁使用】 了解更多请点击。,华美盛母婴专营店,￥298.00 
驰那米 儿童电动车 加长童车可坐人小孩宝宝四轮带遥控摇摆男女婴儿玩具汽车跑车 抛光红色+摇摆+大电瓶+皮座椅,唐煌母婴专营店,￥638.00 
（BRJ） 儿童电动车 摩托车大号可坐人宝宝充电双人小孩玩具电瓶车摩托车 儿童电动 童车 激情红高配版 【领卷立减20】110cm加大款 高性价比,王玉仲母婴专营店,￥398.00 
【货到付款 京东配送】越野型 儿童电动车 四轮玩具车宝宝可坐人独立摇摆遥控双驱小孩 电动 遥控车 豪华黑色+缓启遥控+双电双驱+皮座椅+摇摆+防爆轮,好娃娃母婴专营店,￥698.00 
【京东配送】快乐达 儿童电动车 三轮车婴幼儿童车小孩可坐人摩托车宝宝玩具 粉猫咪 【直降优惠】【领卷满减】优惠多多、数量有限！欲购从速哦！限量！抢！,益京母婴专营店,￥198.00 
天顺 【京东配送】 儿童电动 摩托车男女宝宝男童女童玩具车电瓶车踏板式 电动 玩具车三轮车童车 红色 音乐 故事  早教 支持扩展 【晒图 送好礼】音乐 故事 英文早教   支持拓展 MP3  SD卡  USB,欧侃腾母婴专营店,￥268.00 
贝儿佳（BRJ） 儿童电动车 四轮可坐双驱遥控摇摆宝宝玩具汽车奥迪汽车 红单电单驱音乐遥控 限时促销,童梦星母婴专营店,￥298.00 
乾越（qianyue） 儿童 电动摩托车电动三轮车小孩可坐玩具车男女宝宝电瓶车 新款 0-3岁 绿色 自动档+18歌+推把+护栏,通仙玩具专营店,￥288.00 
欧蓓儿 【京东配送】双驱大号 儿童电动车 摩托车 三轮车小孩玩具童车警车充电 顶配12V双驱+充气轮 白色 直降！ 限时！限量！抢！！（货到付款京东快递）,麦莫母婴专营店,￥518.00 
蚁道（JLYIDAO） 【京东配送】路虎 儿童电动车 童车双开门带摇摆可坐遥控玩具汽车越野车 红色+双开门+摇摆+皮质座椅+四轮发光+USB避震 【优惠直降中】下单就送礼！欲购从速！限时！限量！抢！抢！（货到付款走京东快递）,小小贝母婴专营店,￥568.00 
"AOXIN 儿童电动 摩托车小孩 电动 三轮车可坐男女宝宝玩具车电瓶车充电哈雷警车 红色 耐磨轮胎，真车造型，加大加宽舒适座椅，大容量后储物箱，防后翻更安全，7彩LED闪灯,六一",阿斯母婴专营店,￥168.00 
大号 儿童电动车 四轮四驱可坐2人带遥控玩具童车双人双座越野车大型汽车婴儿 电动车 小孩子电瓶车 四驱升级【白色】+避震软轮+皮座 下单有优惠,易买母婴专营店,"￥1,588.00 "
【京东配送，正版授权】小荧星奔驰 儿童电动车 婴幼儿男女宝宝摇摆玩具车可坐人四轮童车遥控汽车 高配红色-12V大电瓶+双驱+手拉杆+摇摆+皮座 领券下单，优惠直降中！欲购从速！下单就送礼！限时！限量！抢！,亦捷母婴专营店,￥728.00 
凯施德 新款 儿童电动车 可遥控坐人四轮跑车2-8岁小孩婴幼儿男女宝宝玩具汽车 标配红色=蝶翼门+早教+缓启动+拉杆+皮座套 剪刀门   可遥控  风扇式空调 独立摇摆 音乐早教,凯施德童车专营店,￥598.00 
福儿宝（FUERBAO） 【京东配送】 儿童电动车 四轮双驱越野带摇摆宝宝 电动 婴儿玩具车可坐 至尊黑色+双驱+三挡遥控+皮座椅+塑料轮+摇摆 【支持先验货再付钱】福儿宝保儿童电动车 带蓝牙遥控器 带摇摆功能 带四轮避震 双开门设计,福儿宝童车旗舰店,￥628.00 
快乐达 【京东配送】玛莎拉蒂 儿童电动车 四轮可坐童车摇摆车遥控男女宝宝可坐人玩具汽车童车 顶配蓝色+双驱双电+蓝牙遥控+音乐早教+摇摇车 爆款活动价 ，保价30天，买就送礼包，★★★★★,小小牧童玩具专营店,￥398.00 
【正版授权 京东配送】玛莎拉蒂 儿童电动车 四轮可坐人男女宝宝小孩玩具汽车带遥控可充电早教童车 【标配】抛光蓝色+五点式皮座椅 【玛莎拉蒂正版授权】大人遥控 宝宝自驾 音乐早教  保障服务里可选旗舰版发泡软胎配置,诚晟母婴专营店,￥698.00 
驰那米加长 儿童电动车 童车小孩宝宝可坐人带遥控四轮双驱 电动 玩具汽车男女婴儿摇摆 遥控跑车 烤漆红+播放器+双驱双电+摇摆+遥控+皮座椅 【优惠直降中】下单就送礼！ 欲购从速！限量！限量！限量！重要的事说三遍！！！,赫誉童车专营店,￥698.00 
迷米智 儿童电动车 四轮双人座摇摆越野汽车小孩宝宝带遥控可坐玩具车超大号 标配~红色(塑料座+塑料轮+小电瓶+早教) 越野可坐2人儿童 带遥控四驱和双驱版本  配件破损免费补发 顺丰包邮  默认顺丰发货,筋斗云母婴专营店,￥898.00 
西瓜子（XI GUA ZI） 儿童电动车 三轮可坐摩托车 儿童电动 汽车多功能宝宝 儿童 玩具车 升级版-太空白+前进后退+音乐灯光 舒适升级， 加厚PU皮，还有音乐早教，炫酷发光，轻松便携，赠送运费险！！,聚品婴童专营店,￥258.00 
【京东配送】双座 儿童电动车 大码越野四轮 电动儿童车 双人遥控汽车双驱小孩 电动 玩具汽车可坐两人 烤漆酒红+发泡软胎+皮座椅+拉杆+蓝牙遥控+缓起步 双座大空间  高开门保护 便携拉杆 防爆轮 双重避震,华粹母婴专营店,"￥1,988.00 "
【京东配送】宝贝虎 儿童电动车 儿童电动 摩托车三轮车小孩可坐玩具车男女宝宝婴儿电瓶车可充电 顶配红色+灯光+自驾+音乐早教,赫誉童车专营店,￥228.00 
SWAS 【双驱大动力】 儿童车电动车 玩具车可坐人摩托车三轮车 儿童车 玩具汽车 带多媒体早教 本色战车 双驱大动力+多媒体早教+LED灯光+大车轮 【双驱大动力】未来系列，炫酷战车，后轮双避震！晒图领红包，先到先得！！！,聚品母婴专营店,￥398.00 
贝瑞佳 【宾利授权 京东配送】 儿童电动车 汽车童车四轮遥控摇摆双开门可坐宝宝小孩玩具车 旗舰版白 +摇摆+蓝牙遥控+液压剪刀门+6字可亮 货到付款 京东配送    蓝牙遥控+独立摇摆+USB音乐+6字LED灯+液压剪刀门,禾荫母婴专营店,￥598.00 
【京东配送】仿真路虎 儿童电动车 四轮可坐人儿童车双人双座遥控玩具越野汽车摇摆车 豪华红+皮座椅+发光轮+摇摆+双驱大电瓶+通用功能 【直降优惠】【领卷满减】优惠多多、数量有限！欲购从速哦！限量！抢！,益京母婴专营店,￥698.00 
贝瑞佳（BeRica） 儿童电动车 遥控 儿童车 童车汽车可座四轮 带摇摆宝宝车玩玩具车 粉色 2.4G版三档变速双驱+中控系统+皮座椅+独立摇摆 贝瑞佳官方旗舰店 满599元减100元！加送礼包！狂欢不止！,贝瑞佳童车官方旗舰店,￥858.00 
婴爱喜 儿童电动车 四轮可坐人带遥控汽车摇摆童车 电动 玩具车 【萌黄侠】摇摇车+遥控+早教+投影 【早教车，遥控车，电动车，一车多用】,卓妮母婴旗舰店,￥368.00 
超大 儿童电动车 四轮可坐人儿童车双人双座遥控玩具越野汽车摇摆车 红色-双驱大电瓶-摇摆-音乐-遥控-开门-塑料硬座 限时优惠，先买先优惠,万通母婴专营店,￥658.00 
锋达玩具（FD） 锋达 儿童电动车 摩托车小孩玩具车可坐人男女宝宝 电动车 三轮车 FD--9803 白色 电动车 适合1.5岁---5.5岁的宝宝 元旦活动三免一，产品任您选，还有优惠券别忘了哟！点击查看,赛思母婴专营店,￥299.00 
LEKANG 【多功能三合一】乐康 儿童电动车 童车宝宝摩托车婴儿玩具手推车可坐三轮车 智能触摸版-精灵蓝(大电瓶) 【送小孩音乐手表】【电动车/滑行车/护栏手推车三合一多功能童车可升级大电瓶】,LEKANG官方旗舰店,￥338.00 
【京东配送】【带投影】 儿童电动车 双驱四轮带摇摆童车遥控玩具车可坐人汽车婴幼儿男女宝宝手推车 标配版萌黄侠 熊猫造型 遥控自驾投影摇摇车   升级版带五点式皮座和餐盘，可在增值服务里选配,诚晟母婴专营店,￥398.00 
迈凯伦（McLaren） 儿童电动车 迈凯伦跑车 儿童 可坐玩具遥控汽车宝宝双驱车 童车 橙色,骑达童车官方旗舰店,"￥1,599.00 "
炫梦奇 儿童电动车 摩托车可坐三轮 电动车 遥控音乐灯光 电动 汽车 高配帅蓝色 货到付款，音量调节，可接手机，加大电瓶 加遥控需与客服联系补差价,炫梦奇专营店,￥198.00 
炫梦奇 儿童电动车 摩托车可坐三轮 电动车 遥控音乐灯光 电动 汽车 高配帅蓝色 货到付款，音量调节，可接手机，加大电瓶 加遥控需与客服联系补差价,炫梦奇专营店,￥198.00 
贝瑞佳 【京东配送】婴幼儿童车 电动 遥控四轮男宝宝女小孩子1-3岁 玩具摇摆汽车可坐人 米白色-旗舰版 送豪华大礼包一份，总质保服务,杰菲亚母婴专营店,￥598.00 
超大 儿童电动车 四轮可坐人 儿童 车双人双座遥控玩具越野汽车摇摆车 (金贵版)红色+所有功能+舒适皮座椅+发光轮 限时优惠，先买先优惠,万通母婴专营店,￥698.00 
蚁道（JLYIDAO） 保时捷充电 儿童电动车 四轮遥控汽车可坐童车男女宝宝小车子玩具车坐人 高配红  双驱双电+遥控,快乐小红花童车专营店,￥418.00 
新款 儿童电动车儿童电动 摩托车小孩 电动 三轮车男女宝宝玩具车可坐人 儿童 电瓶车可充电大号童车 黄色【巨轮+双驱动+LED灯+避震+音乐+早教】 新品上市 未来系列战车！下单立减20，到手价378！,点翼母婴专营店,￥398.00 
【京东配送】 儿童电动车 带摇摆四轮遥控玩具汽车可坐人婴幼儿宝宝越野童车小孩 电动车 烤漆红+播放器+双驱双电+摇摆+遥控+拉杆+皮座椅 2016新款  摇摇功能 双开门 早教 LED彩灯 四轮避震 双驱双电 手拉杆功能,华粹母婴专营店,￥698.00 
小阿明 儿童电动车 摩托车三轮车可坐人玩具汽车宝宝 车电动 童车 太空白（音乐+灯光） 低价嗨购不停！早下单早发货！买贵退差！音乐喇叭  LED炫酷灯光 宝宝自驾 启程炫酷童年！,格林王子母婴专营店,￥198.00 
贝瑞佳（BeRica） 【奥迪授权】 儿童电动车 四轮摇摆双驱遥控电瓶车婴儿小孩玩具车可坐人 红色2.4G双电双驱+全新中控+避震+独立摇摆 贝瑞佳官方旗舰店 满299元减50元！加送礼包！狂欢不止！,贝瑞佳童车官方旗舰店,￥948.00 
【京东配送】宝贝虎新款路虎 儿童电动车 童车四轮可坐带遥控早教玩具汽车宝宝 电动车 红色 旗舰版双驱+蓝牙遥控+四轮发光+皮座椅+摇摆 支持货到付款 京东配送~！下单就送礼物 随车一起寄出~！,星宝童车专营店,￥558.00 
贝瑞佳 奥迪R8 儿童电动车 四轮跑车双驱动男女宝宝汽车带摇摆可坐人可遥控玩具车婴幼儿童车 红色 正版授权 独立摇摆 遥控自驾 全新早教中控面板,诚尚贝贝母婴专营店,￥898.00 
【京东配送】宝贝虎 新款 大号 儿童电动车 玩具车可坐 儿童 摩托车小孩电动童车 儿童 电动三轮车2-8岁 淡雅白 支持货到付款 京东配送~!下单就送礼物 随车一起寄出~！,中博母婴专营店,￥368.00 
【京东配送】贝瑞佳正版授权奥迪 儿童电动车 四轮可坐双驱 儿童 汽车 儿童车 宝宝玩具车 升级黄双驱电+蓝牙遥控+摇摇车+音乐早教+皮座套 支持货到付款 京东配送~!下单就送礼物 随车一起寄出~！,中博母婴专营店,￥498.00 
A+B新款 儿童电动 摩托车 电动车 哈雷变形金刚 儿童 三轮 电动车 汪洋 白色,晴朗童车专营店,￥252.00 
【京东配送】奔驰G55车型 儿童电动车 四轮越野车双驱宝宝遥控汽车小孩 电动 童车玩具汽车可坐 烤漆黑2.4G遥控+舒适避震软轮+缓起+皮座椅 德国奔驰G55正版授权 带播放器 蓝牙三档变速 5点式安全带 四轮避震 发泡胎,华粹母婴专营店,"￥1,388.00 "
[京东配送] 儿童电动车 可推摩托车三轮推车三轮车可坐人带推杆宝宝 电动 童车 飞机款 配有自动力活 可电动可推行 配围栏 有充电器,孩子家旗舰店,￥239.00 
小阿明 儿童电动车 四轮避震双驱宝宝可坐人遥控汽车男女小孩跑车电瓶车带摇摆玩具车婴幼儿童车 黑色烤漆双电双驱+遥控+摇摆+拉杆,小阿明专卖店,￥498.00 
儿童电动 摩托车 电动车 三轮车小孩 电动 宝宝童车可坐 红色 赠送安装工具 高配引擎声 三首音乐 配前置闪灯 三档摩托车,孩子家旗舰店,￥218.00 
【多功能四合一】乐康小孩滑行学步童车 儿童电动车 宝宝扭扭车护栏婴儿手推车四轮可坐汽车 白色 【送小孩音乐手表】【电动车/滑行车/学步车/手推车四合一多功能童车】,LEKANG官方旗舰店,￥276.00 
蚁道（JLYIDAO） 新款 路虎 儿童电动车 加长版四轮汽车可坐带遥控玩具婴幼儿宝宝 电动车 蓝色+双电双驱+蓝牙遥控+摇摆+皮座椅+音乐早教 新品冲量！！敬请抢购！！,恒语童车专营店,￥488.00 
快乐达 【京东配送】 儿童电动车 四轮可坐越野车双座双驱双开门遥控玩具汽车加长版 红色+蓝牙遥控+带摇摆+双开门《特惠款》 抢购，下单送礼包。,小小牧童玩具专营店,￥698.00 
贝瑞佳（BeRica） 甲壳虫 儿童电动车 宝宝可坐遥控四轮汽车 电动 童车摇摆童车 粉色 发泡轮+皮座+三速+中控+独立摇摆 一对一遥控 一键刹车 3档调速 可自驾可遥控可摇摆,阿迪乐母婴专营店,￥858.00 
爱儿园 婴幼 儿童电动车 四轮 四驱宝宝可坐玩具车双座遥控 电动 童车 白色双座+拉杆+四驱动+送皮座套,爱儿园旗舰店,"￥14,880.00 "
贝瑞佳 【奥迪TT 正版授权】 儿童电动车 四轮 电动 汽车带摇摆可坐人遥控玩具车早教 电动 童车 正版奥迪TT★双电双驱+2.4G遥控+摇摆★红色 奥迪正版授权，品质保障，摇摆功能，配置齐全,小朋友母婴专营店,￥458.00 
智乐堡（CHILOKBO） 儿童电动 摩托车 男女宝马玩具电瓶车可坐 可换档音乐多功能童车 红色 【12.26-1.01】年末大促！跨店每满299-50立减中！,瑞达母婴专营店,￥999.00 
【京东配送】路虎 儿童电动车 越野 车儿童 汽车带遥控可坐童车小孩可驾驶路虎极光宝宝玩具汽车 烤漆红+摇摆+蓝牙+助力转向+可调皮座+四轮发光 支持京东配送 货到付款！ 下单就送礼物 随车一起寄出！,星宝童车童床专营店,"￥1,288.00 "
好孩子（gb） 【好孩子官方直营】 儿童电动车 男女遥控玩具 车电动 汽车W458QG-A 白色双驱动(W499QG-N400) 圣诞狂欢送好礼，全场满299送纯棉礼袋，满499送针织毯礼盒，立即抢~,好孩子官方旗舰店,"￥1,499.00 "
钻贝 新款 超级飞侠 儿童 车 电动车 1-3岁宝宝车摩托车三轮车可坐人电动玩具可充电 浅蓝色 超级飞侠，音乐，早教，电动，摩托车,隆聚母婴专营店,￥198.00 
【京东配送】【带投影】 儿童电动车 可坐人四轮摇摆带遥控双驱动宝宝小孩玩具汽车带推杆熊猫卡通车 标配版萌黄侠 【京东配送】【增值服务里可选升级版】【熊猫造型】【一车多用】【带投影】【带早教】【带推杆】,诚尚贝贝母婴专营店,￥398.00 
贝瑞佳（BeRica） 【奥迪授权】 儿童电动车 四轮摇摆双驱遥控婴儿小孩玩具车可坐人汽车 红色2.4G双驱+避震+独立摇摆+皮座+液晶屏 贝瑞佳官方旗舰店 满599元减100元！加送礼包！狂欢不止！,贝瑞佳童车官方旗舰店,"￥1,258.00 "
智乐堡（CHILOKBO） 【京东配送】奔驰 儿童电动车 四轮可坐童车男女小孩双驱玩具汽车 白色 有空调风扇 【12.26-1.01】年末大促！跨店每满299-50立减中！,瑞达母婴专营店,"￥1,588.00 "
【京东配送】  新款保时捷 儿童电动车 四轮双驱摇摆遥控汽车可坐宝宝车小孩玩具 车电动 童车 顶配粉色+避震+蓝牙遥控+后备箱+摇摆 支持京东配送  货到付款！  下单就送礼物  随车一起寄出！,星宝童车童床专营店,￥518.00 
小阿明 儿童电动车 四轮可坐小孩电瓶车男女宝宝玩具汽车双驱带遥控车充电汽车婴儿1-6岁 红色单电单驱+2.4遥控+无礼品,小阿明专卖店,￥288.00 
【京东配送】 儿童电动车 摩托车 小孩玩具车可坐人三轮车 2-6岁男女宝宝电瓶车太空车 白色 音乐多功能早教,梵典母婴专营店,￥169.00 
【京东配送】蚁道路虎 儿童电动车 四轮可坐人儿童车双人双座遥控玩具越野汽车摇摆电瓶车 标配-白色-双驱大电瓶+摇摆+双开门+早教 领券下单，优惠直降中！欲购从速！下单就送礼！限时！限量！抢！,亦捷母婴专营店,￥668.00 
贝儿佳（BRJ） 儿童电动车 四轮可坐双驱遥控摇摆宝宝玩具汽车奥迪汽车 粉单电单驱音乐遥控 限时促销,童梦星母婴专营店,￥298.00 
泷森童车（BUGGIES LONG SEN） 儿童电动车 童车兰博基尼四轮汽车宝宝遥控玩具 烤漆酒红+避震轮 【限时抢购 秒杀 秒杀！！】,禾荫母婴专营店,"￥1,188.00 "
文熙尔（WENXIER） 儿童电动车 四轮双人双座四驱大越野摇摆遥控玩具童车小孩汽车可坐人 白色所有功能+四驱+避震软轮+大电瓶+皮座 下单有优惠,易买母婴专营店,"￥1,168.00 "
鹰豪 儿童电动车 摩托车三轮车可充电2-6岁电瓶三轮车 电动车儿童 玩具车 美琪黑红 带音乐，安装简单，品质稳定，充电电池,淘乐迪母婴专营店,￥228.00 
宝贝虎 【京东配送】新款 儿童电动车 玩具车可坐 儿童 摩托车小孩 电动 童车 儿童电动 三轮车 2017款【中国红】 支持货到付款 京东配送~!下单就送礼物 随车一起寄出~！,中博母婴专营店,￥228.00 
孩智乐 儿童电动车 四轮汽车可坐人玩具车宝宝遥控车带摇摆 红色烤漆升级版【声控轮灯+音乐早教+摇摆】 升级版四轮声控炫酷灯光，音乐早教，摇摆功能，双驱大电瓶,春之龙母婴用品专营店,￥599.00 
哈雷贝拉奔驰车大型 儿童电动车 四轮四驱越野车双座遥控汽车小孩宝宝 电动车 玩具汽车可坐人童车 烤漆红+四驱+软轮胎+12V2个电瓶+播放器,唐煌母婴专营店,"￥2,398.00 "
双座大型越野 儿童电动车 四轮玩具车可坐人男女宝宝玩具汽车小孩带遥控汽车婴幼儿电瓶童车1-7岁 烤漆酒红+发泡软胎+皮座椅+拉杆+蓝牙遥控+缓起步 方向盘电子助力，播放器可以插U盘，内存卡，减震软轮，皮座椅，2.4G蓝牙遥控，前后灯光设计,朵朵云婴童专营店,"￥1,998.00 "
儿童电动车 太空车四轮可坐人玩具童车宝宝汽车小孩婴儿手推车遥控汽车摩托车摇摆车 白色+摇摆+伸缩式推杆+遥控+五点式安全带+皮座椅 下单自动有满减活动哦,巧朔母婴专营店,￥458.00 
【京东配送】宝贝虎新款 儿童电动车 四轮 儿童车 室内车小孩摇摇车宝宝玩具车可坐 儿童 汽车 顶配白色+发光轮+蓝牙遥控+音乐早教+独立摇摆 支持货到付款 京东配送~!下单就送礼物 随车一起寄出~！,中博母婴专营店,￥358.00 
大可（dake） 儿童电动车 摇摆车 四轮遥控汽车 小孩玩具车可坐人 宝宝童车福特福克斯 宝石蓝+摇摆+双电+2.4G遥控+减震+便携拖轮 在家就能摇摆 双电瓶 可遥控可自驾,大可童车官方旗舰店,￥758.00 
锋达玩具（FD） 锋达 儿童电动车 充电器摩托车专用充电器 锋达 电动 三轮摩托车原装充电器 6.7*4.8*4cm 元旦活动三免一，产品任您选，还有优惠券别忘了哟！点击查看,赛思母婴专营店,￥25.00 
【顺丰包邮】大号双电双驱可充电 儿童电动车 三轮摩托车可坐人带灯光音乐早教玩具汽车 蓝色+12V双电双驱 【赠送魔方 故事机 AUX线 螺丝刀】【赠送运费险 退换货无忧】【发顺丰快递】,思诺格母婴专营店,￥349.90 
【满减中】 儿童 可坐 电动车 摩托车三轮车 电动车 童车婴幼儿宝宝小孩三轮车可坐人玩具车 猫咪粉色＋礼物 促销优惠中，买到就是赚到。,小小牧童母婴专营店,￥195.00 
比克洋 玛莎拉蒂 儿童电动车 四轮摇摆童车双驱动遥控男女小孩玩具车可坐人汽车 钻石蓝+双开门+摇摆+避震+双驱+遥控+皮座椅 独立摇摆 双驱动 便携式拉杆 灯光独立开关 2.4G一对一蓝牙遥控  前后LED灯光,万通母婴专营店,￥798.00 
宝贝虎 猛禽大号双座婴幼 儿童电动车 四轮男女宝宝充电玩具可坐人带遥控越野小孩汽车双驱摇摆童车 红色】发泡避震软胎+遥控+摇摆+双人皮座椅 大型尺寸，可坐2人，发泡橡胶防爆避震软轮胎,娃娃脸母婴专营店,￥898.00 
蚁道（JLYIDAO） 儿童电动车 四轮遥控可坐人双驱四驱吉普越野带摇摆汽车玩具童车 【双驱】高配白 遥控/摇摆/加宽胎/背包 【限量赠送 可拆卸轮胎书包 】 【双驱/四驱 多配置可选  遥控 摇摆功能】,华美盛母婴专营店,￥598.00 
儿童电动车 四轮可坐人双驱遥控摇摆宝宝玩具汽车 加长款 红色烤漆款,五诚童车专营店,￥740.00 
贝佰琦 【京东超市】 儿童电动 摇摆汽车科幻四轮双驱动带拉杆带遥控可坐人太空车缓启动 太空白 【京东配送】【早教系统】【拉杆设计】【独立摇摆】评价晒图送100粒积木,居上母婴专营店,￥599.00 
宝贝虎 【京东配送】加长版118 儿童电动车 四轮双驱越野车 摇摆遥控汽车 可坐宝宝电瓶童车 红色+拉杆功能 双电双驱+发光轮+缓启动+2.4遥控+皮座位+摇摆 【优惠直降中】下单就送礼！ 发光轮 皮座位欲购从速！限量！限量！限量！,九妹童车,￥578.00 
鹰豪 儿童电动车 摩托车 可坐人 电动 三轮摩托车 3岁小孩玩具车 红黑,瑞达母婴专营店,￥278.00 
儿童电动车 宝宝 车儿童 摩托车 电动 摩托三轮车可坐人 电动 玩具汽车1-6岁 儿童 三轮车小孩童车自行车 白色 特惠价格 新品上市 品质保证  LED灯太空车头音乐喇 加大车座防滑耐磨轮收油门自动刹车,长战母婴专营店,￥168.00 
儿童电动车 四轮可坐人四驱越野带摇摆宝宝玩具遥控汽车 动力版 四驱 摇摆 2.4G遥控 红色 四驱摇摆摇控不带闪光灯,兴德童车专营店,￥598.00 
儿童电动车 四轮宝宝玩具汽车可坐人护栏推杆婴儿滑行学步童车 红色 多功能儿童电动四轮汽车【护栏+推杆+可收合脚踏板】=4车合1,家美专营店,￥259.00 
【奥迪官方授权 贝瑞佳官方旗舰店】 儿童电动车 四轮摇摆双驱遥控婴儿小孩玩具车可坐人汽车童车 白摇摆+双驱遥控+USB音乐早教+LED灯 【安全承诺品牌】贝瑞佳官方旗舰店  奥迪正版授权官方店 下单送礼包  货到付款 京东配送,贝瑞佳童车官方旗舰店,￥468.00 
好来喜（Haolaixi） 好来喜玛莎拉蒂 儿童电动车 四轮婴儿遥控男女孩童车可坐人玩具汽车 蓝色舒适版电子转向/早教功能/四轮发光/皮座椅/防 新款上市玛莎拉蒂授权.电子转向.四轮发光,好来喜官方旗舰店,"￥1,098.00 "
贝瑞佳（BeRica） 【奥迪授权 京东配送】 儿童电动车 四轮可坐人遥控摇摆小孩宝宝玩具汽车 顶配红色+双驱双电+蓝牙遥控+音乐早教+摇摇车 奥迪官方正版授权！支持京东配送，货到付款！下单送礼物 ！,星宝童车童床专营店,￥468.00 
【京东配送】 儿童电动 摩托车三轮车可坐 电动 汽车宝宝音乐早教玩具车小孩玩具 电动车 萌萌兔（多媒体功能） 【京东仓配送】优惠不停滞！带音乐早教，骑行娱乐两不误，七天无理由退货，还送运费险哦！,聚品母婴,￥ 258.00 ￥245.00
倍瑞多（beiruidor） 京东配送】 儿童电动车 四轮遥控汽车摇摆可坐人小孩宝宝玩具童车 烤漆酒红+2.4G遥控+摇摆+拉杆+皮座位 【直降到底】欲购从速！下单就送礼！限量！抢！【货到付款发京东快递】,小贝贝母婴专营店,￥538.00 
婴巯玻ㄙingaixi） 儿童电动车 四轮带遥控 电动车 双驱可坐宝宝摇摆车摩托车玩具童车 萌黄侠 早教 新品普通款只售398元一辆 可领卷购买,酷伴母婴专营店,￥398.00 
奇动（QIDONG） 儿童电动车 摩托车三轮车可坐 电动 汽车宝宝玩具 儿童 玩具车可坐人童车 黄色+一键启动+音乐+炫酷灯光,长嘴巴母婴专营店,￥228.00 
【京东配送】哈雷贝拉奔驰G63 儿童电动车 四轮大号越野遥控玩具汽车可坐人小孩宝宝电瓶车带摇摆 (烤漆黑)独立摇摆+手拉杆+六档调速+早教功能 新款升级带独立摇摆（超市摇摇车功能） 烤漆外观  带手拉杆  高双开门  六档调速 避震,朵朵云婴童专营店,"￥1,388.00 "
【京东配送】双座吉普越野 儿童电动车 四轮四驱大号带摇摆可遥控玩具汽车可坐人男女小孩宝宝电瓶车 红色+四驱+10A电瓶+皮座椅+防爆发光软轮+摇摆 大吉普霸气双人座大轮胎 皮座椅可前后调节  摇摆  可选四驱大电瓶,华粹母婴专营店,￥ 1168.00 ￥1109.60
【宾利授权 贝瑞佳官方旗舰店】 儿童电动车 四轮摇摆双驱遥控婴儿小孩玩具车可坐人汽车童车 白摇摆+双驱+2.4G遥控+音乐早教+LED灯 【安全承诺品牌】贝瑞佳官方旗舰店  宾利正版授权官方店 下单送礼包＋早教机＋翻斗车！,贝瑞佳童车官方旗舰店,￥598.00 
好滴 【京东配送】 儿童电动车 四轮摇摆车 遥控婴幼儿男女宝宝可坐人玩具汽车童车 烤漆酒红 摇摆+遥控+避震+五点式皮座+自发电 【活动火爆  延长一天 错过再等一年】,赫誉童车专营店,￥588.00 
快乐达 【京东配送】玛莎拉蒂 儿童电动车电动 童车四轮可坐遥控小汽车小孩玩具车双电双驱童车 顶配红色+双驱双电+蓝牙遥控+音乐早教+摇摇车 下单就送礼！限时！限量！抢！,舍宇母婴专营店,￥398.00 
贝瑞佳 【宾利授权 京东配送】 儿童电动车 汽车童车四轮遥控摇摆双开门可坐宝宝小孩玩具车 旗舰版白 +摇摆+蓝牙遥控+液压剪刀门+6字可亮 货到付款 京东配送    蓝牙遥控+独立摇摆+USB音乐+6字LED灯+液压剪刀门,禾荫母婴专营店,￥598.00 
智乐堡（CHILOKBO） 儿童电动车 迈凯伦跑车小孩四轮可坐玩具汽车宝宝双驱动赛车 黄色 会员促销,塔谷玩具专营店,￥ 1588.00 ￥1428.00
贝瑞佳（BeRica） 【奔驰授权京东配送】 儿童电动车 四轮可坐人双驱遥控宝宝玩具车MP4 黑+液晶显示屏+中控2.4G蓝牙+防爆软轮+皮座椅 下单减100！奔驰官方正版授权！MP4放动画~集成中控~手机蓝牙对接放音乐！,星宝童车童床专营店,"￥1,288.00 "
宝贝虎 儿童电动车 四轮车婴幼儿童车 小孩遥控婴儿推车汽车宝宝玩具车 烤漆酒红+摇摆+遥控+早教音乐+推车功能,赫誉母婴专营店,￥568.00 
【京东配送】 儿童车电动车 大号摩托车宝宝三轮车可坐人 电动 玩具车小孩汽车 【京东配送+顶配】皓月白+双驱动避震+炫彩发光轮 【京东配送+货到付款】优惠直降！适合3-8岁宝宝，早教功能，炫彩发光轮，赠送运费险！！！,聚品童车专营店,￥ 439.00 ￥417.00
栋马 【京东配送】 奔驰授权 儿童电动车 越野遥控四轮可坐 电动 玩具双驱双开门 高双开门烤漆黑色+2.4G遥控器 【12.26-1.01】年末大促！跨店每满299-50立减中！,瑞达母婴专营店,"￥1,488.00 "
贝瑞佳 【宾利授权 京东配送】 儿童电动车 四轮可坐人遥控摇摆婴幼儿男女宝宝小孩玩具车 白色剪刀门+蓝牙遥控+音乐早教+摇摇车+LED灯 2018新品~！宾利正版授权 ！下单就送礼物，随车一起寄出~！支持京东配送！货到付款！,中博母婴专营店,￥598.00 
鹰豪 【货到付款】美奇 儿童 玩具 儿童电动车 可坐人 电动 三轮摩托车1-3岁小孩玩具车 红黑色 【6期免息】【支持买贵退差】【可爱美奇妮妮】【警车有尾灯】【晒图奖励10】,鹰豪儿童电动车旗舰店,￥278.00 
蚁道（JLYIDAO） 京东配送【四驱】 儿童电动车 吉普越野带摇摆可遥控汽车可坐人玩具童车 【四轮驱动】顶配红+音乐早教+摇摇车+加宽胎+遥控 【领券下单立减100】限时限量发放【四轮驱动。马力强劲】下单就送礼！（货到付款走京东快递）,大鹏童车专营店,￥658.00 
【京东超市】保时捷 儿童电动车电动 摇摆汽车遥控汽车可坐宝宝童车玩具汽车 高配烤漆款-玫瑰红 圣 诞 狂 欢 【领 券 下 单】，一 降 到 底，降 到 手 软 ~！！！,博海鼎盛母婴专营店,￥599.00 
快乐达 【 京东配送】玛莎拉蒂 儿童电动车 四轮蓝牙遥控汽车可坐婴幼儿男女宝宝小孩童车玩具车 顶配蓝色+双驱双电+蓝牙遥控+音乐早教+摇摇车 【保价30天】直降！抢！（货到付款京东快递）,麦莫母婴专营店,￥398.00 
【奥迪官方授权 贝瑞佳官方旗舰店】 儿童电动车 四轮摇摆双驱遥控婴儿小孩玩具车可坐人汽车童车 红摇摆+双驱遥控+USB音乐早教+LED灯 【安全承诺品牌】贝瑞佳官方旗舰店  奥迪正版授权官方店 下单送礼包  货到付款 京东配送,贝瑞佳童车官方旗舰店,￥468.00 
活石 儿童电动车 加厚耐摔四轮可坐人宝宝挖掘机土机仿真音效音乐早教婴儿玩具车汽车 电动 挖掘机（声效版）,活石旗舰店,￥268.00 
儿童电动车 太空车四轮可坐人玩具童车宝宝汽车小孩婴儿手推车遥控汽车摩托车摇摆车 白色+摇摆+伸缩式推杆+遥控+五点式安全带 下单自动有满减活动哦,巧朔母婴专营店,￥428.00 
祁裕 【京东配送】小不点奥迪款 儿童电动 汽车可坐人双开门四轮充电玩具遥控车可选双驱早教机摇 顶配款中国红色遥控大电瓶双驱动早教机摇摆减震日行灯 迎圣诞！送宝贝 小朋友礼物  双开门 性价比超高 适合1到4周岁自驾遥控,汇鑫锦文母婴专营店,￥369.00 
【京东配送】哈雷贝拉奔驰双人座 儿童电动车 四轮带遥控宝宝玩具车可坐人大型越野四驱双电瓶童车 烤漆红★仿真空调+拉杆+四驱+双电瓶+防爆软轮 2017新款奔驰授权 双座适合两个宝宝的家庭 四驱动力 双电瓶续航,华粹母婴专营店,"￥2,358.00 "
栋马 四驱双座大 儿童电动车 四轮可坐人摇摆童车带遥控玩具越野车电瓶宝宝汽车 儿童车 婴儿玩具车 升级四驱+红色+皮座+橡胶发光轮+摇摆+加大电瓶 下单自动有满减活动哦,巧朔母婴专营店,"￥1,168.00 "
宝贝虎 【京东配送】 儿童电动车 兰博基尼四轮遥控车孩子可坐宝宝玩具摇摆汽车烤漆双驱 电动 童车 烤漆酒红+独立摇摆+蓝牙遥控+皮座位+双驱+剪刀门 【直降到底】欲购从速！下单就送礼！限量！抢！【货到付款发京东快递】,小小贝母婴专营店,￥568.00 
【京东配送】 儿童车电动车 宝宝车摩托车三轮车可坐人 电动 玩具汽车 【京仓配送】雪山白【音乐炫酷灯光】 【京东配送 货到付款】直降优惠中！音乐早教，炫酷发光，轻松便携，赠送运费险！！,聚品童车专营店,￥ 228.00 ￥216.00
【京东超市】 儿童电动车 宝宝 电动 摩托车 电动 三轮车充电 电动 童车带早教灯光玩具汽车 小黄人早教版 圣 诞 狂 欢 【领 券 下 单】，一 降 到 底，降 到 手 软 ~！！！,博海鼎盛母婴专营店,￥198.00 
爱豹 2017新款 儿童电动车 四轮卡丁车小孩玩具汽车4-5-8岁男女宝宝带遥控可坐人童车黄 黄色+早教+大电瓶+防爆轮+炫灯 【京东秒杀】【12.15   8点开售】只有1天，时间不多，限量50辆，抢抢抢。。。,迅奇母婴专营店,￥768.00 
快乐达 【京东配送】玛莎拉蒂 儿童电动车 四轮可坐童车摇摆车遥控男女宝宝可坐人玩具汽车童车 顶配蓝色+双驱双电+蓝牙遥控+音乐早教+摇摇车 爆款活动价 ，保价30天，买就送礼包，★★★★★,小小牧童玩具专营店,￥398.00 
FENGSU 【京东配送】风速M6加长版 儿童电动车 四轮车婴幼儿车小孩遥控推车汽车宝宝玩具 烤漆酒红+2.4G遥控+推杆+发光轮+皮座椅 【11.11活动开始喽】,精艺母婴专营店,￥798.00 
【正版授权 京东配送】奔驰SL65 儿童电动车 四轮可坐人男女宝宝小孩玩具汽车带遥控可摇摆童车 抛光白色+音乐早教+独立摇摆（摇摇车功能） 【奔驰正版授权】 增值服务里可选旗舰版防爆避震软胎配置  【京东配送】可调节座椅  摇摇车,诚尚贝贝母婴专营店,￥698.00 
【京东配送】哈雷贝拉奔驰双人座 儿童电动车 四轮带遥控宝宝玩具车可坐人大号越野四驱汽车双电瓶 烤漆红★仿真空调+拉杆+四驱+双电瓶+防爆软轮 奔驰正版授权 四驱双座双电瓶大奔 适合两个小孩家庭 创新设计风扇出风口 呵护宝宝,朵朵云婴童专营店,"￥2,398.00 "
jeep吉普 儿童电动车 四驱动大越野车牧马人大电瓶充电四轮汽车双人双座摇摆遥控可坐人童车玩具 红色四驱高配 支持通过蓝牙无线播放手机音乐（目前只有我们有此功能）强劲四驱、大动力爬坡有力！双人双座！,丽妮诗曼官方旗舰店,￥658.00 
语贝佳 儿童电动车 摩托车三轮车可坐人宝宝玩具车 典雅白双驱动大电瓶 【京东配送】带音乐早教儿歌功能，2-3-5-6-7岁儿童,春之龙母婴专营店,￥439.00 
【京东超市】 儿童电动车 四轮宝宝玩具汽车可坐人护栏推杆婴儿滑行学步童车 红色 多功能儿童电动四轮汽车【护栏+推杆+可收合脚踏板】=4车合1,孩子家旗舰店,￥249.00 
【京东配送】快乐达 儿童电动车 儿童电动 摩托车三轮车小孩可坐玩具车男女宝宝婴儿电瓶车可充电 猫咪款粉色 【京东配送】【上海仓发货】【送螺丝刀】1-4岁宝宝可坐儿童摩托车，带音乐，脚踩油门,优聚母婴专营店,￥198.00 
爱豹 【京东配送】 儿童电动车 可坐小孩宝宝四轮双驱双电跑车带遥控带摇摆电瓶玩具汽车 至尊红 圣诞节保价【京仓发货】【时效无忧】【真皮座椅】【液压式开门】【电子风扇】【双电双驱+摇摆】,蜜橙母婴专营店,￥699.00 
蚁道（JLYIDAO） 【京东配送】 儿童电动车 童车四轮可坐带遥控玩具汽车宝宝孩子越野童车 顶配红+双驱大电瓶+蓝牙遥控+音乐早教+摇摇车 【直降到底】欲购从速！下单就送礼！限量！抢！【货到付款发京东快递】,大鹏母婴专营店,￥518.00 
RASTAR 【法拉利 授权】星辉法拉利 儿童电动车 四轮遥控小孩童车宝宝玩具汽车可坐人跑车 红色(1至8岁) 双驱双电机 法拉利正版授权，空间大，续航时间久，音乐播放功能，人体工学真皮软座，软质后视镜，蝴蝶门,塔谷玩具专营店,￥ 1950.00 ￥1850.00
宝贝虎 【京东配送】 新款加长版118 儿童电动车 四轮汽车可坐带遥控玩具宝宝 电动车 摇摆车 红色+拉杆+双电瓶+MP3插口+遥控+摇摆 【活动火爆  延长一天 错过再等一年】,赫誉母婴专营店,￥488.00 
贝瑞佳（BeRica） 儿童电动车 四轮双驱 遥控 电动 童车宝宝可坐小汽车 电动车 白色2.4G双驱+避震+独立摇摆+LED大灯 升级皮座 加送脚垫 正版宾利授权 品质保障,皇寺母婴专营店,"￥1,388.00 "
栋马 【京东配送】 路虎授权 儿童电动车 四轮可坐 儿童 汽车遥控音乐 宝宝玩具汽车童车礼物 烤漆黑色+2.4G遥控器 【12.26-1.01】年末大促！跨店每满299-50立减中！,瑞达母婴专营店,"￥1,388.00 "
京东超市 卡蒂勒（CARDIRO） 玛莎拉蒂款 儿童电动车 四轮摇摆双驱带遥控 玩具车汽车童车 绚丽黄+自发电+摇摆+皮座+早教 赠送：皮座椅、坐垫、方向盘把套、模型玩具、车罩、车牌、安装工具大礼包,宜宝母婴专营店,￥548.00 
儿童电动车 保时捷四轮双驱避震可坐人带遥控 电动 汽车 摇摆 儿童 玩具车男孩女孩跑车 大红 升级版+遥控+摇摆 【顺丰配送】,长嘴巴母婴专营店,￥518.00 
钻贝新款超级飞侠 儿童车电动车 1-3岁宝宝车摩托车三轮车可坐人 电动 玩具可充电 红色 超级飞侠，音乐，早教，电动，摩托车,隆聚母婴专营店,￥198.00 
贝瑞佳（BeRica） 儿童电动车 四轮双驱遥控婴儿小孩玩具车可坐人汽车 2.4红双驱中控+一键启动+讲故事功能MP3+FM 贝瑞佳官方旗舰店 满299元减50元！加送礼包！狂欢不止！,贝瑞佳童车官方旗舰店,￥708.00 
（BRJ） 儿童电动车 带摇摆遥控男女婴儿小孩玩具电瓶车可坐人汽车四轮 电动 童车 大眼萌黄新升级 大眼萌 出口欧洲 风靡意大利,皆因有爱儿童用品专营店,￥598.00 
[京东配送] 儿童电动车 三轮车摩托车 宝宝可坐玩具车 小孩 电动车 红色 【赠送手表1只】3档控制 配灯光 音乐 大号摩托车,孩子家母婴专营店,￥218.00 
京东超市 卡蒂勒（CARDIRO） 儿童电动车 四轮摇摆双驱带遥控 玩具车汽车童车 红色经典+自发电+摇摆+皮座+早教 双驱+摇摆+避震+2.4G蓝牙遥控 赠送：皮座椅、坐垫、方向盘把套、模型玩具、车罩、车牌、安装工具大礼包,宜宝母婴专营店,￥538.00 
蚁道（JLYIDAO） 新款路虎 儿童电动车 加长版四轮汽车可坐带遥控玩具婴幼儿宝宝 电动车 红色+双驱双电+蓝牙遥控+音乐早教 新品冲量！！敬请抢购！！,恒语童车专营店,￥428.00 
LEKANG [京东配送] 儿童电动车 摩托车 三轮摩托车 手推车 红色 可手推 可电动 带立活切换 并配有护栏  有安装工具(可选带蓬款),孩子家旗舰店,￥249.00 
孩智堡 儿童电动车 带遥控摩托车 护栏三轮 四轮童车宝宝玩具车电瓶车音乐货到付款 包邮 四轮酷黑摇控+摇摆+推杆+MP3接口 赶紧抢抢抢！带遥控器，摇摇功能，带安全带，有推杆,卿贝母婴专营店,￥288.00 
FL 【京东配送】 飞乐 儿童电动 摩托车 宝宝小孩 电动车 三轮车可坐人充电 2-7岁男女宝宝 公子白 【限时抢购】 音乐早教 酷炫灯光 前进后退。。。,凯施德童车专营店,￥228.00 
巨（JULONG） 奔驰 儿童电动车 四轮玩具车宝宝可坐摇摆遥控越野型 电动 童车 旗舰版烤漆:酒红+皮座+橡胶防爆软轮 车座前后可调 便携拉手 独立摇摆 三档调速 一键刹车  车体避震 【货到付款京东快递】,阿迪乐母婴专营店,￥718.00 
驰鹿 【京东超市】 儿童 四轮 电动 汽车带减震遥控玩具车可坐人可充电双电双驱宝宝小孩电瓶车 中国红【京东配送】 【京东配送】【四轮闪光】【音乐、故事】【摇摆功能。带遥控】【评价晒图送扭扭车一辆】,居上母婴专营店,￥899.00 
噜贝贝（lubeibei） 儿童电动车 摩托车可坐人三轮玩具汽车宝宝童车 中国红-三轮摩托车 【顺丰包邮】【终身售后】【防后翻设计】【车载音乐】,旺堆母婴旗舰店,￥178.00 
【京东超市】 儿童电动车电动 越野车SUV四轮摇摆车宝宝 电动 遥控玩具汽车 早教避震烤漆款-红色 圣 诞 狂 欢 【领 券 下 单】，一 降 到 底，降 到 手 软 ~！！！,博海鼎盛母婴专营店,￥528.00 
【京东超市】 儿童电动车电动 越野车SUV四轮摇摆车宝宝 电动 遥控玩具汽车 早教避震烤漆款-红色 圣 诞 狂 欢 【领 券 下 单】，一 降 到 底，降 到 手 软 ~！！！,博海鼎盛母婴专营店,￥528.00 
儿童电动车 三轮车摩托车宝宝可坐玩具车小孩电瓶车 樱桃粉4.5安+礼品 自带多首动感音乐.早教，新增超炫闪灯！适用1-5岁,佳宥母婴专营店,￥168.00 
酷车e族 【京东配送】 儿童电动车 小黄鸭 电动 三轮车摩托车小孩宝宝玩具车男女可坐人 黄色-8015 【清仓直降】【下单立送小礼物】【京东配送】【货到付款】【小黄鸭正版授权】【通过3C认证】,海雷母婴专营店,￥199.00 
LEKANG [京东配送] 儿童电动车 摩托车 三轮摩托车 手推车 红色 可手推 可电动 带立活切换 并配有护栏  有安装工具(可选带蓬款),孩子家旗舰店,￥249.00 
宝贝虎 【京东配送】7288A 儿童电动车 四轮双驱车遥控汽车 可坐男女宝宝车小孩玩具车 红色+2.4G遥控+后备箱+拉杆功能 【活动火爆  延长一天 错过再等一年】,九妹童车,￥488.00 
萨玛特 儿童电动车 摩托车室内外玩具车宝宝手推车 儿童 可坐人四轮 电动 汽车瓦力车电瓶车968 象牙白-手推顶配版 好评加晒图送100粒玩具积木一套,梦迪儿母婴专营店,￥499.00 
锋达玩具（FD） 儿童电动车 摩托车玩具车可坐人三轮车小孩 电动车 婴儿宝宝电瓶车 9801A 红色 电动车 适合1.5岁---5.5岁的宝宝 元旦活动三免一，产品任您选，还有优惠券别忘了哟！点击查看,赛思母婴专营店,￥259.00 
宝贝虎 【京东配送】新款兰博基尼 儿童电动车 四轮玩具车可坐人 儿童 汽车双驱 电动 汽车 高配红+双驱双电+剪刀门+摇摆功能 【11.11活动开始喽】,精艺母婴专营店,￥488.00 
好滴 【京东配送】 儿童电动车 四轮摇摆车 遥控婴幼儿男女宝宝可坐人玩具汽车童车 烤漆酒红 摇摆+遥控+避震+五点式皮座+自发电 2-3小时长续航 遥控自驾 摇摆功能 早教,玖努母婴专营店,￥588.00 
语贝佳 儿童电动车 四轮小孩玩具车可坐人宝宝遥控越野车 白色【普通座椅+遥控+摇摆功能+四轮驱动大电瓶】 新款越野车，四驱动力，12V大电瓶持久续航,春之龙母婴专营店,￥729.00 
蚁道（JLYIDAO） 京东配送 儿童电动车 吉普四轮汽车可坐带遥控玩具宝宝 电动车 越野车童车 顶配蓝色+蓝牙遥控+音乐早教+摇摇车 【直降到底】欲购从速！下单就送礼！限量！抢！【货到付款发京东快递】,小贝贝母婴专营店,￥518.00 
【京东配送】正版授权宾利 儿童电动车 四轮摇摆双驱遥控电瓶车婴儿小孩玩具车可坐人汽车 白+剪刀门+双驱+蓝牙遥控+音乐早教+摇摆 【京东配送】【上海仓发货】正版宾利授权车 液压式车门 带摇摆 0-4岁宝宝,优聚母婴专营店,￥598.00 
驰那米 京东配送 儿童电动车 四轮电瓶车汽车可坐人摇摆玩具车摩托车宝宝童车婴儿手推车太空车 白色双驱+摇摆+推杆+五点式安全带+皮座,迪卡乐母婴专营店,￥458.00 
宝贝虎 【京东配送】新款保时捷 儿童电动车 四轮双驱遥控汽车可坐宝宝车小孩童车玩具 红色+蓝牙遥控+四轮避震+手拉杆+双开门 【直降到底】欲购从速！ 下单就送礼！限量！抢！【货到付款发京东快递】,大鹏母婴专营店,￥458.00 
好儿宝 【京东配送】加长版 儿童电动车 童车四轮可坐带遥控玩具汽车宝宝 电动车 越野 电动 童车 红色+双开门+皮质座椅+四轮发光+四轮避震 【直降到底】欲购从速！下单就送礼！限量！抢！【货到付款发京东快递】,大鹏母婴专营店,￥588.00 
婴巯玻ㄙingaixi） 儿童电动车 摇摆童车四轮室内车带遥控玩具车宝宝可坐室内外手推车 【萌黄侠升级版】所有功能+五点式安全带+皮座+餐盘,水木年华母婴专营店,￥438.00 
福儿宝（FUERBAO） 授权奥迪R8 儿童电动车 四轮双驱遥控摇摆电瓶车小孩玩具车坐人汽车 【红色】双电双驱+独立摇摆+蓝牙遥控+五点式皮座椅 正版授权  早教 LED彩灯,佳仕博母婴专营店,￥478.00 
LEKANG 儿童电动车 摩托车可推童车 玩具车可坐人摩托车 电动 汽车带护栏 推把 红色 配送充电器及安装工具  可推 可坐可滑行的儿童电动车,家美专营店,￥249.00 
IWAN 儿童电动车 四轮避震可坐人四驱越野摇摆车宝宝玩具 儿童车 火影红-皮座椅+升级双驱+独立摇摆+早教功能发光轮 新升级款，带摇摆早教功能，四驱炫彩车轮，下单立减100，赠送皮座椅套！！,聚品童车专营店,￥699.00 
好加（GoodPlus） 【京东配送】 儿童电动车 新款加长版吉普四轮可坐遥控玩具越野车童车 顶配蓝色+蓝牙遥控+音乐早教+摇摇车,好加旗舰店,￥518.00 
【京东配送】 儿童电动车 四轮童车1-3-4-5岁遥控男女婴儿小孩玩具车可坐人汽车宝宝电瓶童车 烤漆酒红+音乐早教+2.4G遥控+摇摆 2017新款 摇摆音乐早教一体多功能,万通母婴专营店,￥698.00 
倍瑞多（beiruidor） 【京东配送】烤漆 儿童电动车 四轮可坐汽车小孩玩具遥控男女童车 烤漆酒红+摇摆+2.4G遥控+拉杆+发光轮+皮座位 【直降到底】下单就送礼！欲购从速！限时！限量！抢！抢！（货到付款走京东快递）,小小贝母婴专营店,￥568.00 
科幻 儿童电动车 太空摩托车3-8岁宝宝婴儿可坐玩具车小孩 电动 三轮摩托车大号童车 黑色+双驱+自驾+12v大电瓶,唐煌母婴专营店,￥558.00 
儿童电动 摩托车 男女小孩 电动 三轮车可坐人宝宝玩具童车小黄人甲壳虫电瓶车 甲壳虫电摩 2017年终狂欢节，全店商品2件9折，3件8.5折，更有店铺优惠券，叠加优惠享不停！,乔之宇母婴专营店,￥126.00 
[京东配送] 儿童电动车 带推杆三轮车推车宝宝汽车可坐 甲壳虫 可推行 可电动 0.8-5岁适用,家美专营店,￥239.00 
爱豹 【京东配送】法拉利 儿童电动车 可坐小孩宝宝四轮双驱动跑车带遥控带摇摆电瓶玩具汽车 黄=蝶翼门+早教+缓启动+拉杆+风扇+摇摆+皮座椅,迅奇母婴专营店,￥698.00 
JEEP吉普牧马人 儿童电动 四轮汽车遥控摇摆四驱超大号越野车大电瓶充电双人可坐人童车摇摇椅 红色四驱高配（超大电瓶、遥控、摇摆、缓启动） 支持通过蓝牙无线播放手机音乐（目前只有我们有此功能）超大电瓶！强劲四驱、大动力爬坡有力！！,浩博母婴专营店,￥658.00 
鹰豪 【货到付款】 儿童电动车 宝宝玩具车可坐人汽车四轮带遥控摇摆小孩 电动 汽车 白色 2.4G遥控+摇摆+缓启动+便携拉杆+双开门 【支持买贵退差】【带拉杆和辅轮】【可遥控可遥控可自驾】【音乐早教故事唐诗】,鹰豪儿童电动车旗舰店,￥698.00 
语贝佳 儿童电动车 四轮越野车宝宝遥控玩具车可坐人小孩汽车 白色【音乐+遥控+灯光】 炫酷灯光，新品上架【评价晒图，赠遥控越野车一辆，自由参加，不强制】,春之龙母婴用品专营店,￥858.00 
【京东配送】加长版 儿童电动车 童车四轮可坐带遥控玩具汽车宝宝孩子越野 电动 童车四轮避震手拉杆 红色 蓝牙遥控+四轮避震+手拉干 新款儿童电动车！！让你玩的安全又放心抢枪抢！！！【货到付款发京东快递】,恒语童车专营店,￥518.00 
LEKANG 儿童电动车 三轮摩托车 小孩玩具车可坐人宝宝童车 红色 带推杆 配护栏适合小宝宝使用 可组装多种模式,孩子家母婴专营店,￥249.00 
【官方旗舰店 可选播动画带液晶屏】贝瑞佳 儿童电动车 可座双驱越野车带遥控四轮 儿童电动 汽车授权 黑2.4G双驱+中控+避震 【安全承诺品牌】贝瑞佳官方旗舰店 满599元减100元！加送礼包！狂欢不止！,贝瑞佳童车官方旗舰店,"￥1,158.00 "
TEKNUM 儿童电动车 可坐带遥控充电1-3岁宝宝四轮玩具小汽车子童车 红色【烤漆版+自发电+缓启动+多功能+皮座】 【自发电】技术持久续航技术 缓起步,TEKNUM母婴旗舰店,￥599.00 
dodoto 儿童电动车 四轮避震遥控小汽车摇摆玩具车可坐人双电双驱烤漆 儿童 玩具车6688 红色-2.4G蓝牙遥控+摇摆 双电双驱遥控版 【评价晒图送皮座椅或积木 两者二选一】特价产品 特价产品 戳我 戳我,dodoto旗舰店,￥699.00 
【京东配送】快乐达宝马车型 儿童电动车 四轮双驱遥控 电动 童车男女宝宝可坐玩具车小孩汽车 高配白+双电三机+摇摆+发光轮+2.4G+通用功能 【直降优惠】【领卷满减】优惠多多、数量有限！欲购从速哦！限量！抢！抢！抢！,益京母婴专营店,￥568.00 
【京东超市】 儿童电动车 宝宝 电动 摩托车 电动 三轮车充电 电动 童车带早教灯光玩具汽车 灯光音乐款-白色 圣 诞 狂 欢 【领 券 下 单】，一 降 到 底，降 到 手 软 ~！！！,博海鼎盛母婴专营店,￥178.00 
【京东配送】奥迪带遮阳棚 儿童电动车 摇摆童车小孩宝宝可坐人带遥控四轮 电动 玩具小汽车男女跑车 烤漆酒红★拉杆+储物箱+带蓬+摇摆+防爆发光软轮 新款奥迪正版授权带遮阳棚，很有个性。,华粹母婴专营店,"￥1,258.00 "
星辉（Rastar） 儿童电动车 法拉利 电动 童车 儿童 玩具汽车四轮遥控电瓶车 81900 红色 星辉车模品牌专卖，全店满199赠机器人，满599赠遥控车！点击查看更多款式：,星辉车模专营店,￥950.00 
Smart BeBe 圣贝儿路虎款 儿童电动车 轮车 可坐人充电男女孩 电动 气车 宝宝电瓶童车 橙色 高配,SmartBeBe官方旗舰店,￥499.00 
RASTAR 京东配送 正版法拉利 儿童电动车 四轮车 宝宝车小孩遥控玩具汽车可坐人大号童车 法拉利正版授权=双驱+遥控自驾+红色 法拉利正版授权  遥控自驾双模式 送防爆软轮一套  法拉利脚垫,望丰母婴专营店,"￥1,950.00 "
【京东配送】哈雷贝拉奔驰G63 儿童电动车 四轮越野车双驱遥控汽车小孩宝宝玩具车可坐人摇摆车 (烤漆黑)缓启动+六档调速+早教功能+独立摇摆 带独立摇摆 手拉杆 出门轻松便携 烤漆外观 高开门防侧摔更加安全  加送奔驰脚垫,华粹母婴专营店,"￥1,388.00 "
好孩子（gb） 【好孩子官方直营】gb好孩子宝马 儿童电动车 四轮遥控 车电动 童车W480QG 白色(W480QG-M200) 圣诞狂欢送好礼，全场满299送纯棉礼袋，满499送针织毯礼盒，立即抢~,好孩子官方旗舰店,"￥1,799.00 "
宝贝虎 【京东配送】 儿童电动车 三轮摩托宝宝玩具小孩电瓶童车1-4岁 炫酷黑色 【直降到底】欲购从速！下单就送礼！限量！抢！【货到付款发京东快递】,小小贝母婴专营店,￥188.00 
驰那米 【京东配送】新款 儿童电动车 摇摆可坐人男女宝宝小孩婴儿带遥控早教玩具电瓶四轮童车 高配【烤漆红色】双驱+摇摆+拉杆+音乐+安全带,锐谷母婴专营店,￥698.00 
【宝贝趴】好加 儿童电动车 儿童电动 三轮车 宝宝小孩可坐玩具车 儿童电动 摩托车 室内玩具童车 白色,好加旗舰店,￥248.00 
泷森兰博基尼 儿童电动车 童车小孩宝宝可坐人带遥控四轮双驱 电动 玩具汽车男女婴儿 遥控跑车 酒红色+12V7A+软轮胎+音乐播放器+送皮座椅,唐煌母婴专营店,"￥1,188.00 "
【货到付款 京东配送】 儿童电动车 三轮小孩玩具车可坐人 电动 童车 红色 支持货到付款 京东配送~!下单就送礼物 随车一起寄出~！,中博母婴专营店,￥168.00 
天顺 【京东配送】 儿童电动 摩托车男女宝宝男童女童玩具车电瓶车踏板式 电动 玩具车三轮车童车 红色 音乐 故事  早教 支持扩展 【晒图 送好礼】音乐 故事 英文早教   支持拓展 MP3  SD卡  USB,欧侃腾母婴专营店,￥268.00 
蚁道（JLYIDAO） 【京东配送】 儿童电动车 路虎加长版四轮童车小孩可坐遥控汽车宝宝玩具 顶配红色+摇摆功能+双电瓶+2.4G遥控 【京东秒杀】【直降到底】欲购从速！下单就送礼！限量！抢！【货到付款发京东快递】,大鹏童车专营店,￥458.00 
宝贝虎 【京东配送】新款 儿童电动车 四轮可坐人双驱摇摆遥控小孩男女宝宝自驾玩具汽车 烤漆酒红 升级避震摇摆+蓝牙遥控+早教音乐+拉杆推杆+皮座套 【货到付款 京东配送】 便携拉杆+后备箱+2.4G蓝牙遥控+早教音乐播放器+独立摇摆,星宝童车专营店,￥588.00 
宝贝虎 【京东配送】新款兰博基尼 儿童电动车 四轮玩具车可坐人 儿童 汽车烤漆双驱 电动 汽车 烤漆酒红+全系配置+独立摇摆+烤漆工艺 【货到付款 京东配送】 便携拉杆+后备箱+2.4G蓝牙遥控+早教音乐播放器+独立摇摆,星宝童车专营店,￥568.00 
奔驰 儿童电动车 四轮可坐 越野 电动车 双驱动宝宝玩具电瓶汽车带遥控 曜岩黑【标准版】 梅赛德斯-奔驰 正版授权 店长推荐产品请点击,小荧星丰晟兴专卖店,￥999.00 
【正版授权】奔驰 儿童电动车 四轮可坐人带遥控摇摆宝宝小孩玩具汽车婴幼儿男女充电双驱越野童车 烤漆红】软胎+摇摆+遥控+皮座 奔驰正版授权 遥控自驾摇摆三用 座椅可前后调节,娃娃脸母婴专营店,￥728.00 
儿童电动车 三轮推车童车 可坐玩具汽车 飞机款 可推可电动配有护栏 满电可玩约2.5小时,孩子家母婴专营店,￥239.00 
鹰豪 【货到付款】 儿童电动 摩托车 儿童 玩具车可坐人 电动 三轮车1-3岁小孩玩具 白色 【支持买贵退差】【加大储物箱】【逼真警笛】【防滑轮胎】【海绵手把】,鹰豪儿童电动车旗舰店,￥268.00 
【宾利授权 京东配送】可摇摆 儿童电动车 四轮遥控 电动 玩具汽车可坐人宝宝小孩婴幼儿 电动 小汽车 【红色】2.4G双电双驱+全新中控+避震+独立摇摆 宾利公司授权 高端车中唯衣一个带摇摆的款,华粹母婴专营店,"￥1,388.00 "
TEKNUM 儿童电动车 带遥控摇摆可坐人童车小孩宝宝四轮玩具小汽车子 白色 电动车 手推车 遥控车 摇摆车 早教车,TEKNUM母婴旗舰店,￥428.00 
快乐达 【京东配送】宝马 儿童电动车电动 童车遥控小汽车小孩玩具车可坐四轮双电双驱童车 红色+推杆+遥控+摇摆+发光轮+缓起动+避震 下单就送礼！限时！限量！抢！,上海逸辕母婴专营店,￥488.00 
奇动（QIDONG） 儿童电动车 摩托车三轮车大白 儿童 摩托车可充电遥控男女宝宝电瓶车带护栏 蓝色 早教+音乐+灯光+一键启动 【领券下单立减】优惠多多！数量有限！欲购从速哦！限量！限量！限量！,长嘴巴母婴专营店,￥228.00 
贝瑞佳 宾利 儿童电动车 四轮摇摆童车男女婴儿车小孩遥控玩具车可坐人汽车 【白色】自驾+遥控+摇摆+液压剪刀门,迅鱼母婴专营店,￥598.00 
奇动（QIDONG） 儿童电动车 摩托车三轮车大白 儿童 摩托车可充电遥控男女宝宝电瓶车带护栏 蓝色 早教+音乐+灯光+一键启动 【领券下单立减】优惠多多！数量有限！欲购从速哦！限量！限量！限量！,长嘴巴母婴专营店,￥228.00 
贝瑞佳 宾利 儿童电动车 四轮摇摆童车男女婴儿车小孩遥控玩具车可坐人汽车 【白色】自驾+遥控+摇摆+液压剪刀门,迅鱼母婴专营店,￥598.00 
贝瑞佳（BeRica） 【宾利授权 京东配送】 儿童电动车 四轮可坐人遥控摇摆婴幼儿宝宝玩具 白色+剪刀门+双驱电+蓝牙遥控+音乐早教+摇摇车 新品 new~2018款宾利官方授权童车！支持京东配送 货到付款！下单送礼物 随车一起寄出,星宝童车童床专营店,￥598.00 
鹰豪 【货到付款】 儿童电动车 四轮摇摆童车男女宝宝带遥控汽车玩具车可坐人 至尊版:深蓝+蓝牙音乐+摇摆+遥控+后备箱+双开门 支持货到付款！！【可遥控可自驾】【蓝牙音乐】【双开门后备箱】,鹰豪儿童电动车旗舰店,￥699.00 
Rollplay 美国 儿童电动车 小孩玩具车可坐人小火车1-5岁 星空蓝 官方正品  质量保证 不满意免费退换货 上门取件,Rollplay儿童户外玩具旗舰店,￥799.00 
黑米 【京东配送】 儿童电动车 越野款遥控小汽车玩具车可坐人双电双驱小孩电瓶车宝宝童车818 亮黑色-尊享版 双电双驱+2.4G蓝牙遥控尊贵版 【京东仓配送】遥控  自驾  音乐灯光   双电双驱 【 评价晒图送扭扭车】,居上母婴专营店,￥699.00 
孩智堡 儿童电动车 遥控汽车童车四轮车摇摆推车卡通车带早教音乐蓝牙播放小孩玩具电瓶车 小黄人 高配摇控+蓝牙播曲+推杆+摇摆+发光轮+皮座椅 蓝牙播放音乐，送大礼包，可定制个性车牌可京东配送12月12日促销开始年终盛典，火力全开，赶,卿贝母婴专营店,￥458.00 
驰那米 保时捷 儿童电动车 童车小孩宝宝可坐人带遥控四轮双驱 电动 玩具汽车男女婴儿摇摆遥控跑车 烤漆酒红+播放器+皮座椅+双驱+摇摆+遥控,唐煌母婴专营店,￥698.00 
【奥迪授权 京东配送】 儿童电动车 四轮玩具车可坐人男女宝宝带遥控童车跑车摇摆小孩 电动 小汽车 【烤漆酒红】摇摆+遮阳篷+可调节座椅+发光软轮 遮阳棚 遮阳棚  独立摇摆 正版奥迪授权 货到付款 京东配送,朵朵云婴童专营店,"￥1,258.00 "
儿童电动车 三轮推车童车 可坐玩具汽车 飞机款 可推可电动配有护栏 满电可玩约2.5小时,孩子家母婴专营店,￥239.00 
贝瑞佳（BeRica） 儿童电动车 四轮 电动 汽车带摇摆宝宝可坐人遥控 电动 童车小孩玩具车 奥迪 黄色+摇摆+一键刹车+皮座 正品授权 奥迪R8 1-8岁适用  独立摇摆电机 双门轿跑车 大号,皇寺母婴专营店,￥878.00 
宝贝虎 京东配送】新款 儿童电动车 三轮车摩托车宝宝可坐玩具车小孩电瓶车童车1-4岁 大红色 【优惠直降中】下单就送礼！欲购从速！限时！限量！抢！抢！（货到付款走京东快递）,大鹏童车专营店,￥188.00 
福儿宝（FUERBAO） 福儿宝 儿童电动车 四轮双驱可坐人遥控 电动 汽车独立摇摆 儿童 玩具车 可爱粉+双电双驱+3档遥控+1.2米大空间 【货到付款，京东配送】,好娃娃母婴专营店,￥488.00 
祁裕 【京东配送】法拉利款 儿童电动 汽车坐人遥控可选变速自带音乐摇摆功能避震缓启充电玩具车 标配款红色遥控单电单驱避震后备箱（无礼品） 货到付款 迎圣诞！送宝贝 小朋友礼物 充电式有遥控器 可坐人自驾 除标配以外其它都有随机礼,汇鑫锦文母婴专营店,￥286.00 
儿童电动车 婴幼小孩四轮可坐人充电遥控车宝宝玩具汽车跑车童车 特价版活力红+单电单驱+遥控+后备箱 灯光+音乐+可充电可坐人可遥控可自驾【小款尺寸95CM适合1-3岁使用】 了解更多请点击。,华美盛母婴专营店,￥298.00 
驰那米 儿童电动车 加长童车可坐人小孩宝宝四轮带遥控摇摆男女婴儿玩具汽车跑车 抛光红色+摇摆+大电瓶+皮座椅,唐煌母婴专营店,￥638.00 
天顺 【京东配送】 儿童电动 摩托车男女童宝宝玩具车踏板式 电动 玩具车三轮车童车音乐款手推摇摆 粉色 【晒图 送好礼】音乐 早教 儿歌  故事   餐盘  推杆   摇摆功能   太强大了,欧侃腾母婴专营店,￥398.00 
（BRJ） 儿童电动车 摩托车大号可坐人宝宝充电双人小孩玩具电瓶车摩托车 儿童电动 童车 激情红高配版 【领卷立减20】110cm加大款 高性价比,王玉仲母婴专营店,￥398.00 
栋马 新款正版授权捷豹 儿童电动车 四轮童车可坐人男女宝宝小孩遥控玩具汽车 烤漆酒红 防爆软轮-蓝牙遥控-拉杆,碧锌童车童床专营店,"￥1,198.00 "
【货到付款 京东配送】越野型 儿童电动车 四轮玩具车宝宝可坐人独立摇摆遥控双驱小孩 电动 遥控车 豪华黑色+缓启遥控+双电双驱+皮座椅+摇摆+防爆轮,好娃娃母婴专营店,￥698.00 
【京东配送】快乐达 儿童电动车 三轮车婴幼儿童车小孩可坐人摩托车宝宝玩具 粉猫咪 【直降优惠】【领卷满减】优惠多多、数量有限！欲购从速哦！限量！抢！,益京母婴专营店,￥198.00 
天顺 【京东配送】 儿童电动 摩托车男女宝宝男童女童玩具车电瓶车踏板式 电动 玩具车三轮车童车 红色 音乐 故事  早教 支持扩展 【晒图 送好礼】音乐 故事 英文早教   支持拓展 MP3  SD卡  USB,欧侃腾母婴专营店,￥268.00 
贝儿佳（BRJ） 儿童电动车 四轮可坐双驱遥控摇摆宝宝玩具汽车奥迪汽车 红单电单驱音乐遥控 限时促销,童梦星母婴专营店,￥298.00 
欧蓓儿 【京东配送】双驱大号 儿童电动车 摩托车 三轮车小孩玩具童车警车充电 顶配12V双驱+充气轮 白色 直降！ 限时！限量！抢！！（货到付款京东快递）,麦莫母婴专营店,￥518.00 
蚁道（JLYIDAO） 【京东配送】路虎 儿童电动车 童车双开门带摇摆可坐遥控玩具汽车越野车 红色+双开门+摇摆+皮质座椅+四轮发光+USB避震 【优惠直降中】下单就送礼！欲购从速！限时！限量！抢！抢！（货到付款走京东快递）,小小贝母婴专营店,￥568.00 
"AOXIN 儿童电动 摩托车小孩 电动 三轮车可坐男女宝宝玩具车电瓶车充电哈雷警车 红色 耐磨轮胎，真车造型，加大加宽舒适座椅，大容量后储物箱，防后翻更安全，7彩LED闪灯,六一",阿斯母婴专营店,￥168.00 
大号 儿童电动车 四轮四驱可坐2人带遥控玩具童车双人双座越野车大型汽车婴儿 电动车 小孩子电瓶车 四驱升级【白色】+避震软轮+皮座 下单有优惠,易买母婴专营店,"￥1,588.00 "
【京东配送，正版授权】小荧星奔驰 儿童电动车 婴幼儿男女宝宝摇摆玩具车可坐人四轮童车遥控汽车 高配红色-12V大电瓶+双驱+手拉杆+摇摆+皮座 领券下单，优惠直降中！欲购从速！下单就送礼！限时！限量！抢！,亦捷母婴专营店,￥728.00 
凯施德 新款 儿童电动车 可遥控坐人四轮跑车2-8岁小孩婴幼儿男女宝宝玩具汽车 标配红色=蝶翼门+早教+缓启动+拉杆+皮座套 剪刀门   可遥控  风扇式空调 独立摇摆 音乐早教,凯施德童车专营店,￥598.00 
福儿宝（FUERBAO） 【京东配送】 儿童电动车 四轮双驱越野带摇摆宝宝 电动 婴儿玩具车可坐 至尊黑色+双驱+三挡遥控+皮座椅+塑料轮+摇摆 【支持先验货再付钱】福儿宝保儿童电动车 带蓝牙遥控器 带摇摆功能 带四轮避震 双开门设计,福儿宝童车旗舰店,￥628.00 
【正版授权 京东配送】玛莎拉蒂 儿童电动车 四轮可坐人男女宝宝小孩玩具汽车带遥控可充电早教童车 【标配】抛光蓝色+五点式皮座椅 【玛莎拉蒂正版授权】大人遥控 宝宝自驾 音乐早教  保障服务里可选旗舰版发泡软胎配置,诚晟母婴专营店,￥698.00 
驰那米加长 儿童电动车 童车小孩宝宝可坐人带遥控四轮双驱 电动 玩具汽车男女婴儿摇摆 遥控跑车 烤漆红+播放器+双驱双电+摇摆+遥控+皮座椅 【优惠直降中】下单就送礼！ 欲购从速！限量！限量！限量！重要的事说三遍！！！,赫誉童车专营店,￥698.00 
迷米智 儿童电动车 四轮双人座摇摆越野汽车小孩宝宝带遥控可坐玩具车超大号 标配~红色(塑料座+塑料轮+小电瓶+早教) 越野可坐2人儿童 带遥控四驱和双驱版本  配件破损免费补发 顺丰包邮  默认顺丰发货,筋斗云母婴专营店,￥898.00 
西瓜子（XI GUA ZI） 儿童电动车 三轮可坐摩托车 儿童电动 汽车多功能宝宝 儿童 玩具车 升级版-太空白+前进后退+音乐灯光 舒适升级， 加厚PU皮，还有音乐早教，炫酷发光，轻松便携，赠送运费险！！,聚品婴童专营店,￥258.00 
【京东配送】双座 儿童电动车 大码越野四轮 电动儿童车 双人遥控汽车双驱小孩 电动 玩具汽车可坐两人 烤漆酒红+发泡软胎+皮座椅+拉杆+蓝牙遥控+缓起步 双座大空间  高开门保护 便携拉杆 防爆轮 双重避震,华粹母婴专营店,"￥1,988.00 "
【京东配送】宝贝虎 儿童电动车 儿童电动 摩托车三轮车小孩可坐玩具车男女宝宝婴儿电瓶车可充电 顶配红色+灯光+自驾+音乐早教,赫誉童车专营店,￥228.00 
SWAS 【双驱大动力】 儿童车电动车 玩具车可坐人摩托车三轮车 儿童车 玩具汽车 带多媒体早教 本色战车 双驱大动力+多媒体早教+LED灯光+大车轮 【双驱大动力】未来系列，炫酷战车，后轮双避震！晒图领红包，先到先得！！！,聚品母婴专营店,￥398.00 
【京东配送】仿真路虎 儿童电动车 四轮可坐人儿童车双人双座遥控玩具越野汽车摇摆车 豪华红+皮座椅+发光轮+摇摆+双驱大电瓶+通用功能 【直降优惠】【领卷满减】优惠多多、数量有限！欲购从速哦！限量！抢！,益京母婴专营店,￥698.00 
贝瑞佳（BeRica） 儿童电动车 遥控 儿童车 童车汽车可座四轮 带摇摆宝宝车玩玩具车 粉色 2.4G版三档变速双驱+中控系统+皮座椅+独立摇摆 贝瑞佳官方旗舰店 满599元减100元！加送礼包！狂欢不止！,贝瑞佳童车官方旗舰店,￥858.00 
婴爱喜 儿童电动车 四轮可坐人带遥控汽车摇摆童车 电动 玩具车 【萌黄侠】摇摇车+遥控+早教+投影 【早教车，遥控车，电动车，一车多用】,卓妮母婴旗舰店,￥368.00 
超大 儿童电动车 四轮可坐人儿童车双人双座遥控玩具越野汽车摇摆车 红色-双驱大电瓶-摇摆-音乐-遥控-开门-塑料硬座 限时优惠，先买先优惠,万通母婴专营店,￥658.00 
锋达玩具（FD） 锋达 儿童电动车 摩托车小孩玩具车可坐人男女宝宝 电动车 三轮车 FD--9803 白色 电动车 适合1.5岁---5.5岁的宝宝 元旦活动三免一，产品任您选，还有优惠券别忘了哟！点击查看,赛思母婴专营店,￥299.00 
LEKANG 【多功能三合一】乐康 儿童电动车 童车宝宝摩托车婴儿玩具手推车可坐三轮车 智能触摸版-精灵蓝(大电瓶) 【送小孩音乐手表】【电动车/滑行车/护栏手推车三合一多功能童车可升级大电瓶】,LEKANG官方旗舰店,￥338.00 
黑米 【京东配送】大款3-8岁 儿童电动车 双驱 儿童 汽车沙滩越野车宝宝玩具车可坐人汽车 绿色 【京仓直配  送货上门】【评价晒图送100粒玩具积木一套】【保价，买贵返差】,梦迪儿母婴专营店,￥699.00 
【京东配送】【带投影】 儿童电动车 双驱四轮带摇摆童车遥控玩具车可坐人汽车婴幼儿男女宝宝手推车 标配版萌黄侠 熊猫造型 遥控自驾投影摇摇车   升级版带五点式皮座和餐盘，可在增值服务里选配,诚晟母婴专营店,￥398.00 
炫梦奇 儿童电动车 摩托车可坐三轮 电动车 遥控音乐灯光 电动 汽车 高配帅蓝色 货到付款，音量调节，可接手机，加大电瓶 加遥控需与客服联系补差价,炫梦奇专营店,￥198.00 
贝瑞佳 【京东配送】婴幼儿童车 电动 遥控四轮男宝宝女小孩子1-3岁 玩具摇摆汽车可坐人 米白色-旗舰版 送豪华大礼包一份，总质保服务,杰菲亚母婴专营店,￥598.00 
蚁道（JLYIDAO） 保时捷充电 儿童电动车 四轮遥控汽车可坐童车男女宝宝小车子玩具车坐人 高配红  双驱双电+遥控,快乐小红花童车专营店,￥418.00 
新款 儿童电动车儿童电动 摩托车小孩 电动 三轮车男女宝宝玩具车可坐人 儿童 电瓶车可充电大号童车 黄色【巨轮+双驱动+LED灯+避震+音乐+早教】 新品上市 未来系列战车！下单立减20，到手价378！,点翼母婴专营店,￥398.00 
【京东配送】 儿童电动车 带摇摆四轮遥控玩具汽车可坐人婴幼儿宝宝越野童车小孩 电动车 烤漆红+播放器+双驱双电+摇摆+遥控+拉杆+皮座椅 2016新款  摇摇功能 双开门 早教 LED彩灯 四轮避震 双驱双电 手拉杆功能,华粹母婴专营店,￥698.00 
小阿明 儿童电动车 摩托车三轮车可坐人玩具汽车宝宝 车电动 童车 太空白（音乐+灯光） 低价嗨购不停！早下单早发货！买贵退差！音乐喇叭  LED炫酷灯光 宝宝自驾 启程炫酷童年！,格林王子母婴专营店,￥198.00 
贝瑞佳（BeRica） 【奥迪授权】 儿童电动车 四轮摇摆双驱遥控电瓶车婴儿小孩玩具车可坐人 红色2.4G双电双驱+全新中控+避震+独立摇摆 贝瑞佳官方旗舰店 满299元减50元！加送礼包！狂欢不止！,贝瑞佳童车官方旗舰店,￥948.00 
【京东配送】宝贝虎新款路虎 儿童电动车 童车四轮可坐带遥控早教玩具汽车宝宝 电动车 红色 旗舰版双驱+蓝牙遥控+四轮发光+皮座椅+摇摆 支持货到付款 京东配送~！下单就送礼物 随车一起寄出~！,星宝童车专营店,￥558.00 
贝瑞佳 奥迪R8 儿童电动车 四轮跑车双驱动男女宝宝汽车带摇摆可坐人可遥控玩具车婴幼儿童车 红色 正版授权 独立摇摆 遥控自驾 全新早教中控面板,诚尚贝贝母婴专营店,￥898.00 
【京东配送】贝瑞佳正版授权奥迪 儿童电动车 四轮可坐双驱 儿童 汽车 儿童车 宝宝玩具车 升级黄双驱电+蓝牙遥控+摇摇车+音乐早教+皮座套 支持货到付款 京东配送~!下单就送礼物 随车一起寄出~！,中博母婴专营店,￥498.00 
A+B新款 儿童电动 摩托车 电动车 哈雷变形金刚 儿童 三轮 电动车 汪洋 白色,晴朗童车专营店,￥252.00 
【京东配送】奔驰G55车型 儿童电动车 四轮越野车双驱宝宝遥控汽车小孩 电动 童车玩具汽车可坐 烤漆黑2.4G遥控+舒适避震软轮+缓起+皮座椅 德国奔驰G55正版授权 带播放器 蓝牙三档变速 5点式安全带 四轮避震 发泡胎,华粹母婴专营店,"￥1,388.00 "
[京东配送] 儿童电动车 可推摩托车三轮推车三轮车可坐人带推杆宝宝 电动 童车 飞机款 配有自动力活 可电动可推行 配围栏 有充电器,孩子家旗舰店,￥239.00 
小阿明 儿童电动车 四轮避震双驱宝宝可坐人遥控汽车男女小孩跑车电瓶车带摇摆玩具车婴幼儿童车 黑色烤漆双电双驱+遥控+摇摆+拉杆,小阿明专卖店,￥498.00 
儿童电动 摩托车 电动车 三轮车小孩 电动 宝宝童车可坐 红色 赠送安装工具 高配引擎声 三首音乐 配前置闪灯 三档摩托车,孩子家旗舰店,￥218.00 
【多功能四合一】乐康小孩滑行学步童车 儿童电动车 宝宝扭扭车护栏婴儿手推车四轮可坐汽车 白色 【送小孩音乐手表】【电动车/滑行车/学步车/手推车四合一多功能童车】,LEKANG官方旗舰店,￥276.00 
快乐达 【京东配送】 儿童电动车 四轮可坐越野车双座双驱双开门遥控玩具汽车加长版 红色+蓝牙遥控+带摇摆+双开门《特惠款》 抢购，下单送礼包。,小小牧童玩具专营店,￥698.00 
贝瑞佳（BeRica） 甲壳虫 儿童电动车 宝宝可坐遥控四轮汽车 电动 童车摇摆童车 粉色 发泡轮+皮座+三速+中控+独立摇摆 一对一遥控 一键刹车 3档调速 可自驾可遥控可摇摆,阿迪乐母婴专营店,￥858.00 
爱儿园 婴幼 儿童电动车 四轮 四驱宝宝可坐玩具车双座遥控 电动 童车 白色双座+拉杆+四驱动+送皮座套,爱儿园旗舰店,"￥14,880.00 "
贝瑞佳 【奥迪TT 正版授权】 儿童电动车 四轮 电动 汽车带摇摆可坐人遥控玩具车早教 电动 童车 正版奥迪TT★双电双驱+2.4G遥控+摇摆★红色 奥迪正版授权，品质保障，摇摆功能，配置齐全,小朋友母婴专营店,￥458.00 
智乐堡（CHILOKBO） 儿童电动 摩托车 男女宝马玩具电瓶车可坐 可换档音乐多功能童车 红色 【12.26-1.01】年末大促！跨店每满299-50立减中！,瑞达母婴专营店,￥999.00 
【京东配送】路虎 儿童电动车 越野 车儿童 汽车带遥控可坐童车小孩可驾驶路虎极光宝宝玩具汽车 烤漆红+摇摆+蓝牙+助力转向+可调皮座+四轮发光 支持京东配送 货到付款！ 下单就送礼物 随车一起寄出！,星宝童车童床专营店,"￥1,288.00 "
好孩子（gb） 【好孩子官方直营】 儿童电动车 男女遥控玩具 车电动 汽车W458QG-A 白色双驱动(W499QG-N400) 圣诞狂欢送好礼，全场满299送纯棉礼袋，满499送针织毯礼盒，立即抢~,好孩子官方旗舰店,"￥1,499.00 "
【京东配送】【带投影】 儿童电动车 可坐人四轮摇摆带遥控双驱动宝宝小孩玩具汽车带推杆熊猫卡通车 标配版萌黄侠 【京东配送】【增值服务里可选升级版】【熊猫造型】【一车多用】【带投影】【带早教】【带推杆】,诚尚贝贝母婴专营店,￥398.00 
贝瑞佳（BeRica） 【奥迪授权】 儿童电动车 四轮摇摆双驱遥控婴儿小孩玩具车可坐人汽车 红色2.4G双驱+避震+独立摇摆+皮座+液晶屏 贝瑞佳官方旗舰店 满599元减100元！加送礼包！狂欢不止！,贝瑞佳童车官方旗舰店,"￥1,258.00 "
智乐堡（CHILOKBO） 【京东配送】奔驰 儿童电动车 四轮可坐童车男女小孩双驱玩具汽车 白色 有空调风扇 【12.26-1.01】年末大促！跨店每满299-50立减中！,瑞达母婴专营店,"￥1,588.00 "
【京东配送】  新款保时捷 儿童电动车 四轮双驱摇摆遥控汽车可坐宝宝车小孩玩具 车电动 童车 顶配粉色+避震+蓝牙遥控+后备箱+摇摆 支持京东配送  货到付款！  下单就送礼物  随车一起寄出！,星宝童车童床专营店,￥518.00 
小阿明 儿童电动车 四轮可坐小孩电瓶车男女宝宝玩具汽车双驱带遥控车充电汽车婴儿1-6岁 红色单电单驱+2.4遥控+无礼品,小阿明专卖店,￥288.00 
【京东配送】 儿童电动车 摩托车 小孩玩具车可坐人三轮车 2-6岁男女宝宝电瓶车太空车 白色 音乐多功能早教,梵典母婴专营店,￥169.00 
【京东配送】蚁道路虎 儿童电动车 四轮可坐人儿童车双人双座遥控玩具越野汽车摇摆电瓶车 标配-白色-双驱大电瓶+摇摆+双开门+早教 领券下单，优惠直降中！欲购从速！下单就送礼！限时！限量！抢！,亦捷母婴专营店,￥668.00 
泷森童车（BUGGIES LONG SEN） 儿童电动车 童车兰博基尼四轮汽车宝宝遥控玩具 烤漆酒红+避震轮 【限时抢购 秒杀 秒杀！！】,禾荫母婴专营店,"￥1,188.00 "
文熙尔（WENXIER） 儿童电动车 四轮双人双座四驱大越野摇摆遥控玩具童车小孩汽车可坐人 白色所有功能+四驱+避震软轮+大电瓶+皮座 下单有优惠,易买母婴专营店,"￥1,168.00 "
鹰豪 儿童电动车 摩托车三轮车可充电2-6岁电瓶三轮车 电动车儿童 玩具车 美琪黑红 带音乐，安装简单，品质稳定，充电电池,淘乐迪母婴专营店,￥228.00 
宝贝虎 【京东配送】新款 儿童电动车 玩具车可坐 儿童 摩托车小孩 电动 童车 儿童电动 三轮车 2017款【中国红】 支持货到付款 京东配送~!下单就送礼物 随车一起寄出~！,中博母婴专营店,￥228.00 
孩智乐 儿童电动车 四轮汽车可坐人玩具车宝宝遥控车带摇摆 红色烤漆升级版【声控轮灯+音乐早教+摇摆】 升级版四轮声控炫酷灯光，音乐早教，摇摆功能，双驱大电瓶,春之龙母婴用品专营店,￥599.00 
哈雷贝拉奔驰车大型 儿童电动车 四轮四驱越野车双座遥控汽车小孩宝宝 电动车 玩具汽车可坐人童车 烤漆红+四驱+软轮胎+12V2个电瓶+播放器,唐煌母婴专营店,"￥2,398.00 "
双座大型越野 儿童电动车 四轮玩具车可坐人男女宝宝玩具汽车小孩带遥控汽车婴幼儿电瓶童车1-7岁 烤漆酒红+发泡软胎+皮座椅+拉杆+蓝牙遥控+缓起步 方向盘电子助力，播放器可以插U盘，内存卡，减震软轮，皮座椅，2.4G蓝牙遥控，前后灯光设计,朵朵云婴童专营店,"￥1,998.00 "
【京东配送】宝贝虎新款 儿童电动车 四轮 儿童车 室内车小孩摇摇车宝宝玩具车可坐 儿童 汽车 顶配白色+发光轮+蓝牙遥控+音乐早教+独立摇摆 支持货到付款 京东配送~!下单就送礼物 随车一起寄出~！,中博母婴专营店,￥358.00 
大可（dake） 儿童电动车 摇摆车 四轮遥控汽车 小孩玩具车可坐人 宝宝童车福特福克斯 宝石蓝+摇摆+双电+2.4G遥控+减震+便携拖轮 在家就能摇摆 双电瓶 可遥控可自驾,大可童车官方旗舰店,￥758.00 
锋达玩具（FD） 锋达 儿童电动车 充电器摩托车专用充电器 锋达 电动 三轮摩托车原装充电器 6.7*4.8*4cm 元旦活动三免一，产品任您选，还有优惠券别忘了哟！点击查看,赛思母婴专营店,￥25.00 
【顺丰包邮】大号双电双驱可充电 儿童电动车 三轮摩托车可坐人带灯光音乐早教玩具汽车 蓝色+12V双电双驱 【赠送魔方 故事机 AUX线 螺丝刀】【赠送运费险 退换货无忧】【发顺丰快递】,思诺格母婴专营店,￥349.90 
【满减中】 儿童 可坐 电动车 摩托车三轮车 电动车 童车婴幼儿宝宝小孩三轮车可坐人玩具车 猫咪粉色＋礼物 促销优惠中，买到就是赚到。,小小牧童母婴专营店,￥195.00 
比克洋 玛莎拉蒂 儿童电动车 四轮摇摆童车双驱动遥控男女小孩玩具车可坐人汽车 钻石蓝+双开门+摇摆+避震+双驱+遥控+皮座椅 独立摇摆 双驱动 便携式拉杆 灯光独立开关 2.4G一对一蓝牙遥控  前后LED灯光,万通母婴专营店,￥798.00 
宝贝虎 猛禽大号双座婴幼 儿童电动车 四轮男女宝宝充电玩具可坐人带遥控越野小孩汽车双驱摇摆童车 红色】发泡避震软胎+遥控+摇摆+双人皮座椅 大型尺寸，可坐2人，发泡橡胶防爆避震软轮胎,娃娃脸母婴专营店,￥898.00 
儿童电动车 四轮可坐人双驱遥控摇摆宝宝玩具汽车 加长款 红色烤漆款,五诚童车专营店,￥740.00 
贝佰琦 【京东超市】 儿童电动 摇摆汽车科幻四轮双驱动带拉杆带遥控可坐人太空车缓启动 太空白 【京东配送】【早教系统】【拉杆设计】【独立摇摆】评价晒图送100粒积木,居上母婴专营店,￥599.00 
宝贝虎 【京东配送】加长版118 儿童电动车 四轮双驱越野车 摇摆遥控汽车 可坐宝宝电瓶童车 红色+拉杆功能 双电双驱+发光轮+缓启动+2.4遥控+皮座位+摇摆 【优惠直降中】下单就送礼！ 发光轮 皮座位欲购从速！限量！限量！限量！,九妹童车,￥578.00 
鹰豪 儿童电动车 摩托车 可坐人 电动 三轮摩托车 3岁小孩玩具车 红黑,瑞达母婴专营店,￥278.00 
儿童电动车 宝宝 车儿童 摩托车 电动 摩托三轮车可坐人 电动 玩具汽车1-6岁 儿童 三轮车小孩童车自行车 白色 特惠价格 新品上市 品质保证  LED灯太空车头音乐喇 加大车座防滑耐磨轮收油门自动刹车,长战母婴专营店,￥168.00 
儿童电动车 四轮可坐人四驱越野带摇摆宝宝玩具遥控汽车 动力版 四驱 摇摆 2.4G遥控 红色 四驱摇摆摇控不带闪光灯,兴德童车专营店,￥598.00 
儿童电动车 四轮宝宝玩具汽车可坐人护栏推杆婴儿滑行学步童车 红色 多功能儿童电动四轮汽车【护栏+推杆+可收合脚踏板】=4车合1,家美专营店,￥259.00 
好来喜（Haolaixi） 好来喜玛莎拉蒂 儿童电动车 四轮婴儿遥控男女孩童车可坐人玩具汽车 蓝色舒适版电子转向/早教功能/四轮发光/皮座椅/防 新款上市玛莎拉蒂授权.电子转向.四轮发光,好来喜官方旗舰店,"￥1,098.00 "
星辉（RASTAR） 儿童电动车 婴童1:4 法拉利 电动 童车 遥控可坐人双驱四轮汽车 红色双驱双电瓶+全新中控+避震+蝶翼开门,瑞达母婴专营店,"￥1,950.00 "
蚁道（JLYIDAO） 婴 儿童电动车 四轮1-3带遥控小孩4-5岁汽车女孩男孩宝宝玩具可坐 旗舰蓝 全功能+12V7AH加长续航,颖向儿童玩具专营店,￥518.00 
（BRJ） 儿童电动车 摩托车三轮 电动 汽车男女小孩宝宝跑车可坐人电瓶车大号 电动 童车 冰川白（加大高配款） 【领券立减20】 大马力 大车身 大电瓶 车长110cm孩子可以多玩一年,皆因有爱儿童用品专营店,￥398.00 
育乐佳（YULEJIA）  京东配送 儿童电动车 室内车可摇摆童车瓦力车 婴儿推车玩具车餐车 粉色2.4g蓝牙遥控+摇摆功能+铝制推杆+送餐盘 一车多用 可摇摆 遥控 自驾 还可以手推 带音乐 灯光 餐盘,迪卡乐母婴专营店,￥380.00 
倍瑞多（beiruidor） 【京东配送】 儿童电动车 四轮可坐人带摇摆宝宝玩具遥控吉普汽车 四驱红色+摇摆+蓝牙遥控+四轮避震+手拉杆+大轮子 【直降到底】欲购从速！下单就送礼！限量！抢！【货到付款发京东快递】,大鹏童车专营店,￥668.00 
小太阳 儿童电动车 四驱大电瓶双座双驱大号大座位空间越野玩具可坐人早教蓝牙遥控汽车男女宝宝童车 限量版蓝色+大电瓶+四驱+皮座椅+发泡轮,佳仕博母婴专营店,"￥1,588.00 "
贝瑞佳（BeRica） 儿童电动车 赠品　勿拍 红色,宝迪乐母婴专营店,￥118.00 
贝儿佳（BRJ） 儿童电动车 加长版四轮可坐人汽车 儿童 玩具车越野四驱遥控车摇摆 高配红色,五诚童车专营店,￥860.00 
Rollplay 儿童电动车 婴幼儿四轮可坐人汽车宝宝玩具车小孩遥控童车巴士 红色【大众授权】 官方正品  质量保证 不满意免费退换货 上门取件,Rollplay儿童户外玩具旗舰店,"￥1,199.00 "
比克洋 新款 儿童电动车 四轮玩具车带摇摆可坐宝宝 电动车 双驱遥控 儿童车 1-3-5岁小孩开汽车 烤漆红2.4G遥控+摇摆+皮座+早教音乐播放器 购买就送礼,宝迪乐母婴专营店,￥698.00 
【京东配送】奔驰 儿童电动车 四轮童车遥控汽车婴幼儿男女宝宝可坐人双驱玩具车 旗舰版-红色-【所有功能】+防爆软轮 送豪华大礼包一份，总质保服务,杰菲亚母婴专营店,￥768.00 
儿童电动车 四轮双人双座四驱动大越野吉普车带摇摆可遥控玩具车童车可坐人电瓶车 电动车 红色所有功能+四驱+避震软轮+12V10a大电瓶 新品上架  新架送礼佳品  四驱大功率,阿迪乐母婴专营店,"￥1,168.00 "
【京东配送】双人座 儿童电动车 四轮四驱摇摆童车遥控玩具越野电瓶车小孩宝宝婴儿玩具汽车可坐人 红色+双驱+7A电瓶+塑料座椅+塑料发光硬轮+摇摆 吉普大轮胎，很霸气的一款越野。,朵朵云婴童专营店,￥958.00 
钻贝新款 儿童电动车 1-3岁宝宝小孩 电动 摩托车大号三轮车充电玩具男女小孩摩托车 白色 音乐，灯光，早教，环保，,隆聚母婴专营店,￥198.00 
【奔驰正版授权车】贝瑞佳BeRica 儿童电动车 可坐双驱越野车带遥控四轮 儿童 玩具车小孩汽车 黑2.4G双驱+中控+避震+皮座+液晶屏+发泡软轮 安全承诺品牌 双旦狂欢 满1000元减100元！加送礼包!,佳淘母婴专营店,"￥1,288.00 "
【宝马I8授权车】贝瑞佳BeRica 儿童电动车 可坐双驱跑车带遥控四轮 车儿童 玩具车小孩汽车 2.4G蓝色+MP4液晶屏+皮座椅+中控+发泡轮 双驱 安全承诺品牌 双旦狂欢 满1000元减100元！加送礼包!,佳淘母婴专营店,"￥1,488.00 "
福儿宝（FUERBAO） 越野 儿童电动车 四轮玩具车宝宝坐人独立摇摆遥控双驱小孩 电动 遥控车 升级黑色+缓启遥控+双电双驱+皮座椅+摇摆+塑料轮 【货到付款 京东配送】  双驱双电  早教功能,佳仕博母婴专营店,￥628.00 
【京东配送】 儿童电动车 赛克尔seeker新款四轮避震遥控汽车童车玩具汽车烤漆双驱 至尊烤漆酒红+电视mp5+早教+【功能全含】 活动特惠，限时满减50，买到就是赚到，特惠100台手快有。抢商品还含晟洋母婴专营店,￥648.00 ,
【京东配送】新款 儿童电动车 四轮童车小孩宝宝可坐人带遥控双驱 电动 玩具汽车男女婴儿摇摆遥控跑车 M6烤漆红全功能+皮座椅,蚁道旗舰店,￥518.00 
大可（dake） 京东配送 福特 儿童电动车 四驱双座宝宝童车遥控玩具四轮汽车小孩大型越野车 烤漆红色（4驱动 MP4） 真车钥匙 遥控3档调速 车载MP4播放器  液晶显示屏 可播放动画片 仿真手挡 手拉杆,迪卡乐母婴专营店,"￥1,980.00 "
贝瑞佳（BeRica） 儿童电动车 JJ235遥控童车童车越野车汽车宝宝玩具车可座四轮小孩车 2.4G无极变速绿色+四轮避震+FM调频+早教功能 双电双驱+高端中控系统+皮座椅 贝瑞佳官方旗舰店 满299元减50元！加送礼包！狂欢不止！,贝瑞佳童车官方旗舰店,￥958.00 
好加（GoodPlus） 儿童电动车 四轮摇摆卡通车带遥控汽车可坐人小孩宝宝玩具车摩托车 白色 顶配 双驱+蓝牙遥控+摇摆+推杆+五点式+皮座,好加旗舰店,￥458.00 
鹰豪 【货到付款】 儿童电动车 摩托车电瓶三轮车 电动车儿童 玩具车 红黑色 【6期免息】【早教故事】【LED灯】,鹰豪儿童电动车旗舰店,￥299.00 
儿童电动车 四轮童车1-3-4-5岁遥控男女婴儿小孩玩具车可坐人宝宝汽车摇摆童车 烤漆蓝+音乐早教+2.4G遥控+摇摆+送皮坐套 新款儿童车 送皮坐 5点式安全带,尚宏母婴专营店,￥698.00 
小伯乐 新款 儿童车电动车儿童电动 摩托车2-8音乐灯光故事早教 红色,永兴泰琪母婴专营店,￥339.00 
（BRJ） 儿童电动车 摩托车遥控可坐人 儿童 宝宝玩具车踏板电瓶车小木兰摩托车 电动 童车 米黄色 母婴狂欢 火力全开,皆因有爱儿童用品专营店,￥298.00 
孩智乐 儿童电动车 四轮可坐跑车男女宝宝1-3岁遥控 电动 玩具汽车摇摆车早教音乐减震 2.4g遥控+单驱单电+早教缓启 白色,世纪宝贝母婴专营店,￥388.00 
宝乐堡新款 儿童电动车 四轮车 双驱带早教遥控平衡车 酷炫遥控 儿童车 音乐 电动 汽车 绿色 〖新品上架 下单立减 满额再减〗蓝牙遥控 双驱动 可站可坐 听音乐讲故事,宝乐堡官方旗舰店,￥429.00 
星辉婴童 儿童电动车 路虎极光授权 四轮童车玩具汽车可坐人 缓启动+绚光亮灯+带遥控-白色 12V升级-双驱版 26-31萌宝新年礼：跨店每满299立减50！晒图立奖10元现金！,星辉婴童官方旗舰店,"￥1,199.00 "
【京东配送 宾利授权】2017新款 儿童电动车 四轮可坐童车小孩宝宝遥控双驱 电动 玩具汽车可坐人 宾利正版授权  蓝牙遥控+独立摇摆+USB音乐+6字LED灯+液压剪刀门 0-4岁宝宝,朵朵云婴童专营店,￥698.00 
【京东配送】驰那米新款 儿童电动车 四轮太空车婴幼儿摇摆童车小孩可坐人遥控推车汽车宝宝玩具 红色+双驱+摇摆++推杆+遥控+音乐早教 【直降优惠】【领卷满减】优惠多多、数量有限！欲购从速哦！限量！抢！,益京母婴专营店,￥428.00 
【京东配送】蚁道路虎 儿童电动车 四轮可坐人儿童车双人双座遥控玩具越野汽车摇摆车 红色+双驱大电瓶+摇摆+音乐+遥控+开门+加宽座椅 【京东配送 品质保证】,庄集童车专营店,￥668.00 
皇寺母婴  赠品链接专用 儿童电动车 赠品 勿拍,皇寺母婴专营店,￥50.00 
【京东配送】新款 儿童电动车 三轮可坐宝宝 电动 汽车小孩玩具双驱遥控男女摇摆太空车 粉白色+双驱双电+摇摆+遥控+闪灯+礼物 【优惠直降中】下单就送礼！欲购从速！限时！限量！抢！抢！（货到付款走京东快递）,小小贝母婴专营店,￥438.00 
贝瑞佳（BeRica） 【宾利授权】 儿童电动车 四轮摇摆双驱遥控婴儿小孩玩具车可坐人汽车 白色2.4G双驱+避震+独立摇摆+LED大灯 贝瑞佳官方旗舰店 满599元减100元！加送礼包！狂欢不止！,贝瑞佳童车官方旗舰店,"￥1,388.00 "
萨玛特 儿童电动车 摩托车三轮车宝宝玩具车可坐人 绿色【音乐早教+炫彩灯光】,春之龙母婴用品专营店,￥288.00 
福儿宝（FUERBAO） 京东配送 儿童电动车 遥控越野车警车小孩玩具车四轮汽车宝宝电瓶车 白蓝特警+蓝牙遥控+双驱动 真车钥匙启动 仿真手排档,迪卡乐母婴专营店,￥738.00 
智乐堡（CHILOKBO） 迈凯伦 儿童电动车 全包皮坐垫 童车皮坐垫 此皮座包括（五点式安全带1个，安装螺丝钉5个，皮座1套）,塔谷玩具专营店,￥79.00 
【货到付款京东配送】 儿童电动车 蓝牙遥四轮避震摇摆童车双驱动男女婴儿小孩玩具车可坐人汽车 ２型号-烤漆酒红缓启+早教+摇摆+便携拉杆 活动特惠，限时满减50，买到就是赚到，特惠100台手快有。抢商品还含晟洋母婴专营店,￥578.00 ,
蚁道新款 儿童电动车 轿跑四轮双驱摇摆遥控汽车可坐宝宝车小孩玩具车 白色-双驱+蓝牙遥控+缓启+后备箱+摇摆 蚁道旗舰店.购车赠礼包. 货到付款走京东配送,蚁道旗舰店,￥428.00 
小不点 儿童电动 摩托车宝宝三轮车大号1-3-6岁小孩充电瓶玩具可坐人遥控 红色 单驱动/小电瓶/USB多功能播放器,金色童年母婴专营店,￥235.00 
加长版【京东配送】仿真玛莎拉蒂 儿童电动车 四轮双驱可坐人婴儿车遥控玩具车宝宝小孩音乐摇摆车 烤漆红色-双驱双电-音乐-遥控-开门-摇摆 送豪华大礼包,杰菲亚母婴专营店,￥699.00 
贝瑞佳（BeRica） 遥控童车JJ245 儿童电动车 童车越野车汽车玩具车 2.4G无极变速绿色+四轮避震+FM调频+早教功能 双电双驱+高端中控系统 贝瑞佳官方旗舰店 满299元减50元！加送礼包！狂欢不止！,贝瑞佳童车官方旗舰店,￥678.00 
【京东配送】快乐达新款 儿童电动车 四轮车婴幼儿摇摆童车可坐小孩遥控汽车宝宝玩具 顶配红+双电双驱+摇摆+2.4G遥控+音乐早教 【直降优惠】【领卷满减】优惠多多、数量有限！欲购从速哦！限量！抢！,益京母婴专营店,￥398.00 
小荧星 玛莎拉蒂 儿童电动车 四轮车婴幼儿可摇摆童车小孩跑车带遥控小汽车宝宝玩具车可坐人【爆】 白色【双电双驱+2.4G遥控+五点式皮座+独立摇 【先领券！再购物】现货热卖 品牌授权 售后无忧 24h出库 默认顺丰、圆通、中通、申通,朗静哲官方旗舰店,￥658.00 
SWAS 【京东配送】 儿童电动车 玩具车可坐人三轮车 儿童 摩托车 电动儿童 汽车 马卡龙兰 音乐功能+酷炫灯光 【京东仓配送】酷炫灯光，音乐喇叭，下单送运费险，优惠先人一步！！,聚品母婴专营店,￥ 238.00 ￥226.00
儿童电动 摩托车三轮车大号摩托车可充电男女宝宝电瓶车 宝蓝色大号双驱+大电瓶+早教 新款儿童电动摩托车炫酷上市，让您的宝宝成为闪耀的小明星！,反哺旗舰店,￥248.00 
儿童电动车 四轮可坐带摇摆遥控童车宝宝玩具车可坐人婴儿 电动 车充电大 儿童车 电瓶车小孩汽车 白色+摇摆+皮座椅+拉杆 下单自动有满减活动哦,巧朔母婴专营店,￥598.00 
[京东超市] 儿童电动车 电动 摩托车 三轮车可坐 红色 【7彩闪烁灯光+音乐+三档开关】 赠送安装工具和音乐手表,家美专营店,￥168.00 
【京东配送】驰那米加长版 儿童电动车 四轮车婴幼儿摇摆童车小孩可坐人遥控汽车宝宝玩具 烤漆蓝 旗舰版 摇摆+大电瓶+2.4G遥控+音乐早教 【直降优惠】【领卷满减】优惠多多、数量有限！欲购从速哦！限量！抢！,益京母婴专营店,￥698.00 
【京东配送】吉普 儿童电动车 四驱遥控越野摇摆汽车宝宝四轮越野童车可坐人宝宝小孩遥控玩具汽车 豪配红色四驱+遥控+摇摆+塑料轮+皮座+减震器 下单送好礼！限时！限量！抢！抢！抢！四驱动力！ 独立摇摆功能,琪儿宝母婴专营店,￥898.00 
好加（GoodPlus） 科幻 儿童电动车 四轮带遥控宝宝婴儿可坐玩具车 小孩 电动 童车汽车 白色 高配2.4G蓝牙遥控,梓鸢母婴专营店,￥398.00 
奔驰 儿童电动车 婴幼儿男女宝宝摇摆玩具车可坐人四轮童车遥控汽车 烤漆酒红【音乐早教+灯光+摇摆功能+塑料轮】 便携拉杆 可调座椅 独立摇摆 便携充电,万通母婴专营店,￥868.00 
好滴 【自发电童车】 儿童电动车 四轮蓝牙遥控汽车带摇摆可坐婴幼儿男女宝宝玩具车小孩童车 红色-双驱双电-音乐-摇摆-皮座-双开门,颖向儿童玩具专营店,￥488.00 
【京东配送】快乐达新款 儿童电动车 四轮双驱男女婴儿可坐人摇摆童车宝宝玩具带遥控音乐早教电瓶车 高配红色-双电双驱+蓝牙遥控+早教+摇摆+推杆 领券下单，优惠直降中！欲购从速！下单就送礼！限时！限量！抢！,亦捷母婴专营店,￥458.00 
【京东配送】贝瑞佳新款奥迪Q7 儿童电动车 四轮可坐 儿童 汽车 遥控宝宝玩具 车儿童车 旗舰红+蓝牙遥控+避震摇摆+中控+皮座椅+液晶屏 奥迪正版授权童车  下单送礼物 随车一起寄出！ 支持京东配送 货到付款!,星宝童车童床专营店,"￥1,288.00 "
好乐美 儿童电动车 三轮可坐小黄人电瓶摩托车宝宝童车 小黄人9988（高配版）,多田富母婴专营店,￥239.00 
吉普 儿童电动车 四轮双人双座四驱动大越野车带摇摆可遥控玩具车童车小孩汽车可坐人电瓶车 电动车 白色所有功能+四驱+避震软轮+大电瓶+皮座,小朋友母婴专营店,"￥1,128.00 "
奇动（QIDONG） 儿童电动车 摩托车三轮小孩玩具车可坐人宝宝小蜜蜂卡通车 黄色小蜜蜂【音乐早教+炫酷灯光】 宝宝喜爱的卡通形象，炫酷灯光，音乐早教功能，音量可调节,春之龙母婴用品专营店,￥228.00 
贝儿佳（BRJ） 贝儿佳 儿童电动车 四轮摇摆童车双驱动遥控男女婴儿小孩玩具车可坐人汽车 小黄人 安装工具 顺丰直发  出口欧洲品质 让您的宝宝一萌到底 儿童早教 一应俱全,欧侃腾母婴专营店,￥698.00 
【货到付款 京东配送】 儿童电动车 四驱大电瓶四轮双驱动带摇摆越野玩具可坐人遥控汽车男女宝宝车 高配红双驱+蓝牙+遥控+塑料轮+摇摆,佳仕博母婴专营店,￥798.00 
孩智堡 儿童电动车 碰碰车太空四轮遥控室内车可坐人小孩宝宝玩具车飞蝶车学步车可当餐椅车 飞蝶车黑白色 12月12日促销开始年终盛典，火力全开，赶紧抢购，造型独特，来自星星的礼物不一般,卿贝母婴专营店,￥348.00 
儿童电动车 摩托车三轮车超大号宝宝电瓶小孩玩具车可坐人 新系列-皓月白+双驱+发光轮,IWAN母婴旗舰店,￥439.00 
孩智堡 儿童电动车 电瓶  充电器 电动 童车配件免维护6V4.5A-6V7A-12V7A 电瓶6V4.5A 童车配件电瓶 充电器三个型号的请自行选择,卿贝母婴专营店,￥49.00 
儿童电动车 防尘车罩,兴德童车专营店,￥40.00 
【京东配送】宝贝虎新款 儿童电动车 兰博基尼四轮玩具车可坐人 儿童 汽车烤漆双驱 电动 汽车 烤漆酒红+拉杆+后备箱+5点式皮座位 【优惠直降中】下单就送礼！欲购从速！限时！限量！抢！抢！（货到付款走京东快递）,大鹏母婴专营店,￥568.00 
【货到付款京东配送】 儿童电动车 蓝牙遥四轮避震摇摆童车双驱动男女婴儿小孩玩具车可坐人汽车 1型号-珍珠白缓启+早教+摇摆+便携拉杆 活动特惠，限时满减50，买到就是赚到，特惠100台手快有。抢商品还含晟洋母婴专营店,￥478.00 ,
乔克叔叔 新款 儿童电动车 摩托车 电动 三轮车赛车小孩可坐玩具车遥控车 蓝色标准款单驱+减震+内置音乐+8A瓶 乔克叔叔新品上市，配置多 可选遥控 可选推把手 在新春季节 带给妈妈们使用便利的产品 微利,乔克叔叔官方旗舰店,￥198.00 
蚁道（JLYIDAO） 【京东配送】超大 儿童电动车 四轮可坐人遥控玩具越野车宝宝汽车摇摆车 红色-旗舰版-音乐早教-摇摆-遥控-大轮胎 送豪华礼包,杰菲亚母婴专营店,￥899.00 
【正版授权 】玛莎拉蒂 儿童电动车 四轮宝宝可坐人童车带遥控可摇摆男女汽车玩具跑车 抛光红+皮座椅+摇摆+塑料轮 玛莎拉蒂正版授权,娃娃脸母婴专营店,￥698.00 
【京东配送】蚁道 儿童电动车 四轮玩具车可坐人汽车 电动 遥控车宝宝 电动车 白色2.4G蓝牙遥控 高配 双电双驱+摇摆+早教+避震+多媒体+皮座椅,陌哪赣ぷㄓ戡￥ 600.00,
快乐达 儿童电动车 越野四轮童车2人可坐汽车双开门带摇摆四轮发光带遥控玩具汽车 白色+双开门+摇摆+四轮发光+USB孔四轮避震 升级版，活动中，双座,小小牧童玩具专营店,￥598.00 
【京东配送】宝贝虎 儿童电动车 儿童电动 摩托车三轮车小孩可坐玩具车男女宝宝婴儿电瓶车可充电 绿色 活动期间 拍下满减20元  新疆西藏货到付款 一律包邮，   时间不多，欲买从速！！！,迅奇母婴专营店,￥228.00 
比克洋 【 正版授权  玛莎拉蒂】 儿童电动车 四轮摇摆双驱遥控婴儿小孩玩具车可坐人汽车童车 钻石蓝+12V双驱+摇摆+拉杆+皮座椅+正品授权 独立摇摆，早教老师儿童电动车,小朋友母婴专营店,￥798.00 
炫梦奇 儿童电动 汽车头盔 买 电动 汽车送头盔专用单拍不发货 海军蓝 单电单驱加缓启动,炫梦奇专营店,￥38.00 
宝贝虎 儿童电动车 四轮双驱摇摆带遥控汽车可坐人童车宝宝男女玩具婴儿车跑车轿车 粉色+独立摇摆+蓝牙遥控+四轮避震+手拉杆+双开门,娃娃脸母婴专营店,￥428.00 
智乐堡奥迪 儿童电动车 一台装（生产厂家：智乐堡/ 授权品牌：奥迪) Item#:593961 智利车厘子JJ级大果 领券立减100 会员到手价29.8/500g，限量预售 抢完即止。,山姆会员商店官方旗舰店,￥ 1098.90 ￥999.00
京东超市 星辉（Rastar）法拉利双开门1:4 儿童电动 童车四轮可坐遥控玩具汽车 红色 【年终盛典】辞旧迎新，暖心钜惠！全店满199-20元；满300-50元！官方授权，品质保证，双开门可坐带遥控，岂止于逼真！更多优惠猛戳》》》,星辉自营旗舰店,"￥1,980.00 "
智乐堡（CHILOKBO） 【京东配送】 儿童电动车 迈凯伦跑车四轮可坐 汽车宝宝双驱赛车 橙色 【12.26-1.01】年末大促！跨店每满299-50立减中！,瑞达母婴专营店,"￥1,588.00 "
贝瑞佳（BeRica） 宾利授权 儿童电动车 四轮可坐人遥控摇摆婴幼儿男女宝宝小孩玩具车 白 正版宾利授权白色+自驾+遥控+摇摆 2018新品~！授权正版授权 ！下单就送礼物，随车一起寄出~！支持京东配送！货到付款！,迅奇母婴专营店,￥598.00 
笑娃娃 正版授权 儿童电动车 四轮可坐大码越野遥控汽车宝宝 电动 汽车小孩玩具车可坐人 烤漆红 双电双驱+蓝牙遥控+避震+缓启动+便携拉杆 奔驰正版授权 四轮可坐宝宝童车 钥匙启动安全放心 满600减15元，满1000减50元,曦达母婴专营店,"￥1,188.00 "
【京东配送】快乐达 宝马i8 儿童电动车 四轮童车可坐 宝宝玩具车 带摇摆双驱遥控小孩 电动 汽车 白色推杆+双驱双电+蓝牙遥控+摇摆+发光轮+USB 【京东配送】【上海仓发货】双开门+摇摆+四轮发光+蓝牙遥控+USB播放器+手推杆,优聚母婴专营店,￥488.00 
贝瑞佳 【正版授权】宝马Z8 儿童电动车 婴幼儿男女宝宝摇摆车可坐人小孩玩具跑车四轮遥控汽车 黑色+独立摇摆（摇摇车） 正版授权  宝马Z8  真车比例打造,诚尚贝贝母婴专营店,￥998.00 
快乐牌 熊猫 儿童电动车 玩具车可坐人童车三轮摩托车 黑色 【工厂直营 售后无忧】【3C 专利齐备 安全无患】【充电器安装工具齐备】,快乐牌官方旗舰店,￥228.00 
儿童电动车 保修卡 儿童电动车保修卡,小朋友母婴专营店,￥18.00 
宝贝虎 新款118 儿童电动车 四轮童车小孩遥控摇摆电瓶玩具车可坐人宝宝汽车 红色+拉杆功能+缓启动+2.4遥控+摇摆+皮座位 欲购从速！限量！限量！限量！重要的事说三遍！！！,精艺母婴专营店,￥488.00 
快乐达 【京东配送】宝马 儿童电动车 四轮可坐童车双开门 宝宝玩具车 双驱可遥控小孩 电动 汽车 白色+蓝牙遥控+避震+脚踩刹车+双开门《特惠款》,小小牧童母婴专营店,￥398.00 
儿童电动车 赠品，勿拍 儿童电动车赠品，勿拍,小朋友母婴专营店,￥88.00 
孩子王 儿童电动车 i8四轮跑车双驱动遥控小孩 电动 汽车宝宝可坐避震带音乐 白色 缓慢启动双驱四轮减震 品质保障！双驱大电！音乐彩灯！让宝宝的童年高大上起来！,孩子王母婴旗舰店,￥788.00 
【京东配送】TS大号 儿童 电 儿童 摩托车可坐可骑宝宝 电动 玩具车宝宝 电动 汽车灯光音乐 红色 限时促销,童梦星母婴专营店,￥338.00 
好儿佳奥迪RS-5 儿童电动 汽车四轮玩具车可坐人 电动车 宝宝小孩可驾驶摇摆车 烤漆酒红-敞篷-皮座-摇摆-音乐早教-遥控-双开门 送豪华大礼包,杰菲亚母婴专营店,"￥1,999.00 "
Rollplay 如雷 儿童电动车 女孩摩托车小孩可坐人玩具车宝宝童车2-3 粉红色 官方正品  质量保证 不满意免费退换货 上门取件,Rollplay儿童户外玩具旗舰店,￥379.00 
【京东配送】宝贝虎 儿童电动车 儿童电动 摩托车三轮车小孩可坐玩具车男女宝宝婴儿电瓶车可充电 顶配白色+灯光+自驾+音乐早教,精艺母婴专营店,￥228.00 
BAOBEIHU 【京东配送】 儿童电动车 路虎加长版四轮童车小孩可坐遥控汽车宝宝玩具 顶配 升级版白色+摇摆功能+双电瓶+2.4G遥控+皮坐位 优惠直降中！限量，抢！抢！【货到付款发京东快递】,迅奇母婴专营店,￥488.00 
小荧星 儿童电动车 四轮卡丁车单双驱动 单双电机可选宝宝可座带遥控玩具小汽车【爆】 中国红 双驱带遥控【充气轮】 【先领券！再购物】现货热卖 品牌授权 售后无忧 24h出库 默认顺丰、圆通、中通、申通,朗静哲官方旗舰店,￥458.00 
【货到付款 京东配送】 儿童电动车 四轮双驱动跑车宝宝电瓶汽车小孩遥控自驾摇摆玩具车可坐人 定制烤漆酒红+双电双驱+三档遥控+皮座椅+独立摇摆,好娃娃母婴专营店,￥618.00 
[京仓配送] 儿童电动车 三轮 摩托车 卡通手推车可坐 精灵款 音乐轮播 多灯闪硕 电力持久动力 保修3年,孩子家旗舰店,￥199.00 
栋马 大号路虎三开门 儿童电动车 四轮双驱越野遥控汽车可坐宝宝童车小孩玩具车 豪华烤漆+酷黑+蓝牙遥控+三开门+皮坐垫+避震 送大礼包 精细做工 奢华大气 三开门 避震发泡轮 2.4蓝牙遥控 三档变速 皮坐垫,明炫母婴专营店,"￥1,288.00 "
儿童电动车 赠品！勿拍 儿童电动车赠品！勿拍,小朋友母婴专营店,￥88.00 
福儿宝（FUERBAO） 儿童电动车 四轮童车越野车小孩遥控带摇摆电瓶玩具车可坐人宝宝汽车 高配红色+三挡遥控+五点式皮座椅+手拉杆+摇摆 【货到付款 京东配送】,佳仕博母婴专营店,￥488.00 
宝贝虎 新款 儿童电动车 四轮双电双驱越野车 宝宝电瓶遥控汽车 可坐人摇摆童车 橙色+双驱+蓝牙遥控+拉杆+缓启+皮座椅 配备齐全的功能，独立摇摆，品质安全 有保障！,小朋友母婴专营店,￥458.00 
贝瑞佳（BeRica） 儿童电动车 可坐越野车遥控四轮汽车宝宝婴儿童车带摇摆 2.4G蓝牙绿色中控+摇摆+FM收音机+座位可节 贝瑞佳官方旗舰店 满299元减50元！加送礼包！狂欢不止！,贝瑞佳童车官方旗舰店,￥598.00 
【京东配送】新款路虎 儿童电动车 童车四轮可坐带遥控早教玩具汽车宝宝 电动车 旗舰版红色双驱+蓝牙遥控+四轮发光+皮座椅+摇摆 支持京东配送  货到付款！  下单就送礼物  随车一起寄出！,星宝童车童床专营店,￥558.00 
蚁道（JLYIDAO） 婴 儿童电动车 四轮遥控汽车可坐男女宝宝小孩加大童车宝宝玩具车人童车 红色-双驱+蓝牙遥控+缓启+音乐早教+摇摆+皮座 顶配蓝色+双驱双电+蓝牙遥控+音乐早教+摇摇车,快乐小红花童车专营店,￥488.00 
爱童（AITONG） 【顺丰包邮】法拉利兰博基尼 儿童电动 汽车双电双驱带遥控四轮摇摆可坐人 黑色烤漆+蓝牙遥控+缓启+双开门 【送 靠枕  座垫   电池  MP3线  工具】   【赠送运费险，退换货无忧】,思诺格母婴专营店,￥496.00 
【奔驰官方正版授权 】G63 儿童电动车 四轮双驱宝宝玩具汽车可坐人小孩汽车遥控大号越野 儿童车 烤漆黑+六速+五点式皮座+避震轮 烤漆外观 越野高开门保护 升级手拉杆 读家遥控六档与缓启动搭配更适合小宝宝,三浦母婴专营店,￥ 1388.00 ￥1198.00
儿童 双驱四轮可坐人宝宝玩具车男女小孩汽车 儿童电动车 婴幼儿 儿童电动 汽车 烤漆酒红 遮阳棚+静音摇摆+发光软轮+可调节座椅 2017新款静音摇摆儿童车 满600减15元，满1000减50元，满1200减80元,曦达母婴专营店,"￥1,288.00 "
赛克尔seeker 儿童电动 小汽车 1-8岁 儿童 早教 电动车 独立摇摆缓启动三挡调速四轮减震 【橘色】早教蓝牙遥控+缓启动+独立摇摆+减震 活动特惠，限时满减50，买到就是赚到，特惠100台手快有。抢商品还含晟洋母婴专营店,￥399.00 ,
孩子王 儿童电动车 加大加长警车可坐人三轮摩托车小孩童车宝宝玩具车 儿童 圣诞节玩具礼物 白色 双驱动+6v7A电瓶 下单就减20  更大更安全！我的警察梦由此起航！,孩子王母婴旗舰店,￥480.00 
儿童电动车 赠品，勿拍 儿童电动车赠品，勿拍,小朋友母婴专营店,￥88.00 
智乐堡（CHILOKBO） 【京东配送 】奥迪 儿童电动车 四轮可坐人 小孩玩具车遥控双驱 巴黎红 双驱高配 圣诞钜惠！即日 至 12.25 特价大促！,瑞达母婴专营店,￥960.00 
智乐堡迈凯伦（MCLAREN） 电动 童车 黄色/红色 672R Item#:673295 智利车厘子JJ级大果 领券立减100 会员到手价29.8/500g，限量预售 抢完即止。,山姆会员商店官方旗舰店,￥ 1428.90 ￥1299.00
【京东配送】贝瑞佳授权奥迪TT 儿童电动车 四轮遥控摇摆婴儿小孩汽车玩具车可坐人童车 红色独立摇摆+2.4G遥控+音乐早教+双开门,尚宏母婴专营店,￥448.00 
【 儿童电动车 配件】三轮车摩托车玩具车配件电池 充电器 电瓶 6V 充电器  6V 型号： 充电器6v   电瓶6V4ah 请咨询后购买 批次不同外观有所不同 请以实物为准,居上母婴专营店,￥38.00 
【京东配送 货到付款】贝瑞佳 儿童电动车 四轮 遥控童车宝宝玩具车可坐 粉色 2.4G三档变速双驱双电+发泡软胎+中控 经典甲壳虫造型 独立摇摆功能  一对一遥控 一键刹车,皇寺母婴专营店,￥858.00 
咪咪童 儿童电动 摩托车 电动车 三轮车童车 电动车儿童车 玩具车可充电带音乐带灯光 标配单驱大电瓶红 所有配置都有灯光和音乐！终身质保，售后无忧,格通母婴专营店,￥209.00 
鹰豪 玛莎拉蒂宝宝 儿童电动车 四轮童车遥控车可坐1-3岁小孩玩具车可坐人汽车 白色: 电动 双开门+音乐早教+蓝牙遥控+麦克风+摇摆 玛莎拉蒂正版授权  独立越野车型   音乐+摇摆+蓝牙摇控+麦克风,鹰豪儿童电动车旗舰店,￥898.00 
小阿明 儿童电动车 遥控汽车玩具车可坐人小孩四轮童车双驱带摇摆电瓶车婴儿早教机 烤漆红色 缓起+早教+拉杆+遥控+独立摇摆+皮座椅,小阿明专卖店,￥566.00 
鹰豪 美奇 儿童电动车 摩托车三轮车可坐人宝宝玩具车骑 电动 三轮2-3岁小孩 电动 玩具车 经典红 默认6 直降优惠中！音乐早教，炫酷发光，轻松便携。,三维力母婴专营店,￥278.00 
儿童电动车 电瓶 童车蓄 电池6V4.5A/6V7.5A/充电器 电瓶6V7.5Ah 全新足量足安电瓶，三个月内有质量问题免费换新！(不适合可以退货),孩子家母婴专营店,￥59.00 
酷太阳 吉普双座 儿童电动车 四轮双驱童车宝宝可坐四驱越野遥控汽车小孩玩具车可坐人越野车 蓝四驱+皮座+发泡软轮+12V10A电瓶+蓝牙遥控 下单送好礼！抢！抢！抢！2.4G蓝牙遥控器  四驱动力,琪儿宝母婴专营店,"￥1,588.00 "
杰里米（Jielimi） 京东配送 儿童电动车 四轮遥控汽车带摇摆可坐人男女宝宝玩具童车路虎 高配蓝色+双电双驱+遥控+蓝牙+音乐 车牌号码或文字可定制！！！大尺寸大规格乘坐更舒适。,诺伊母婴专营店,￥398.00 
好滴 新款烤漆奔驰 儿童电动车 四轮摇摆童车宝宝遥控汽车可坐人小孩玩具双驱遥控男女宝宝 电动 童车 烤漆酒红-双驱双电-音乐-摇摆-皮座-自发电 新款 礼物送随车到家！【货到付款发京东快递】,颖向儿童玩具专营店,￥588.00 
【货到付款 京东配送】 儿童电动车 四轮双驱动带摇摆跑车宝宝电瓶汽车小孩遥控自驾玩具车可坐人 升级红色+双电双驱+三档遥控+皮座椅+摇摆,佳仕博母婴专营店,￥538.00 
IWAN 儿童电动车 皮座椅套6688 赠品-皮座椅套勿拍,聚品童车专营店,￥59.00 
儿童电动车 坐垫,快乐小红花童车专营店,￥15.00 
Rollplay 儿童电动车 宝马摩托车电瓶车小孩玩具车可坐人婴儿宝宝男女 红色【宝马授权】 官方正品  质量保证 不满意免费退换货 上门取件,Rollplay儿童户外玩具旗舰店,"￥1,499.00 "
栋马 【货到付款 京东配送】 儿童电动车 童车奔驰授权四轮汽车宝宝小孩汽车双开门遥控178 高开门G55烤漆黑色2.4G+发泡轮+皮坐垫 栋马正品  奔驰授权  双开门+蓝牙遥控 下单送10份礼！！,聚萌母婴专营店,"￥1,488.00 "
贝儿佳 儿童电动车 四轮双驱遥控汽车可坐宝宝童车摇摆玩具车 黄色2.4G缓启动摇摆早教高低速高配版 品牌正品,苏瑞母婴专营店,￥418.00 
【京东配送】 儿童电动车 四轮可坐小孩玩具车带摇摆大人可遥控双驱汽车婴幼儿推车宝宝可驾驶童车 烤漆红顶配（在高配基础上增配防爆软轮） 一车多用，可当摇摇车，推车，遥控车和自驾车,宝迪乐母婴专营店,￥788.00 
爱儿园（aieyuan） 宝马I8玩具车可坐人 儿童电动车 童车四轮双驱遥控可坐 电动 汽车 儿童车 2.4G蓝色双电双驱缓启停+皮座椅,爱儿园旗舰店,"￥15,860.00 "
"儿童电动 摩托车警车带音乐可充电 儿童电动车 三轮车 红色D991 电动 摩托车 发货，儿童摩托车警车，红  蓝  粉 白 四色可选   建议3岁以下,正品，无任何味道",浩贝佳母婴专营店,￥168.00 
栋马 【可京配】巨龙童车 奔驰 电动 童车遥控 儿童电动车 四轮可坐玩具汽车宝宝车摇摆遥控越野型 高配版白色-抛光+皮座+实心软胎 橡胶防爆胎 双开门 早教播放器 便携接手 独立摇摆  12V大动力,皇寺母婴专营店,￥688.00 
【京东配送】文熙儿双座 儿童电动车 四轮四驱越野童车可坐人玩具电瓶汽车摇摆带遥控 白色四驱摇摆+拉杆+软胎+皮座椅 领券下单，优惠直降中！欲购从速！下单就送礼！限时！限量！抢！,亦捷母婴专营店,"￥1,128.00 "
乔克叔叔 新款 儿童电动 摩托车 宝宝小孩 电动车 三轮车 玩具车可坐人 充电 2-7岁男女宝 双驱动遥控四轮14A电瓶 大轮子带轴承 新款大轮子！专利号为 201530034586.9,乔克叔叔官方旗舰店,￥258.00 
【京东配送】孩智堡新款 儿童电动车 四轮摇摆汽车婴儿男女宝宝可坐遥控玩具车带早教大电瓶 粉色 摇摆+遥控+2.4g蓝牙遥控+大电瓶 领券下单，优惠直降中！欲购从速！下单就送礼！限时！限量！抢！,亦捷母婴专营店,￥668.00 
乔克叔叔 新款 儿童电动 摩托车三轮车甲壳虫 电动车 宝宝玩具车遥控车充电摩托车 自动3轮9灯17歌14A 新品促销,乔克叔叔官方旗舰店,￥158.00 
新款 儿童电动车 摇摆双驱宝宝可坐四轮遥控器汽车 珠光白 双驱动+摇摇车功能+塑料座椅+两点式安全带 【京东品质】四轮宝宝童车舒适摇摆+遥控自驾双模式  预购从速,笑娃娃母婴专营店,￥568.00 
【京东配送货到付款】科幻 儿童电动车 四轮带遥控宝宝婴儿可坐玩具车 小孩 电动 童车汽车 白色 顶配2.4G蓝牙+早教+发光轮【炫酷红】 .,迅鱼母婴专营店,￥498.00 
贝瑞佳（BeRica） 新款 儿童电动车 可坐卡通车遥控四轮汽车宝宝婴儿童车带推杆 2.4G粉红色+新中控+遥控+手推杆 贝瑞佳官方旗舰店 满299元减50元！加送礼包！狂欢不止！,贝瑞佳童车官方旗舰店,￥638.00 
快乐达 【 京东配送】 儿童电动车 四轮童车1-4岁宝宝遥控玩具车 小孩汽车摇摆电瓶车跑车 红色推杆双驱双电+遥控缓启+摇摆+发光轮+减震 一车多用 避震,迪卡乐母婴专营店,￥488.00 
儿童电动车 四轮可坐人宝宝玩具汽车遥控车越野车带摇摆电瓶车 烤漆酒红-摇摆-手拖杆发光轮-皮座椅-蓝牙遥控 限时优惠，先买先优惠,万通母婴专营店,"￥1,388.00 "
贝瑞佳（BeRica） 宾利授权 儿童电动车 四轮可坐 宝宝 电动车 玩具小汽车遥控 电动 童车,皇寺母婴专营店,￥598.00 
贝瑞佳（BeRica） 宾利授权 儿童电动车 四轮可坐 宝宝 电动车 玩具小汽车遥控 电动 童车,皇寺母婴专营店,￥598.00 
好儿宝路虎 儿童电动车 四轮遥控双驱越野车玩具汽车电瓶车带摇摆宝宝可坐小孩可驾驶新款仿真 珍珠白 旗舰版-皮座椅+摇摆+避震+蓝牙遥控+缓启动+音乐 卓越品质，3C认证，完美售后-送豪华礼包,杰菲亚母婴专营店,￥698.00 
【京东配送】宝贝虎保时捷 儿童电动车 四轮童车可坐 宝宝玩具车 双驱可遥控小孩 电动 汽车 红色 高配粉色-拉杆功能+避震+蓝牙遥控+双开门 拉杆功能+避震+蓝牙遥控+双开门+摇摆,迅奇母婴专营店,￥458.00 
【京东配送】福儿宝 儿童电动车 宝宝双座四驱摇摆大电瓶四轮童车遥控越野吉普车玩具汽车 终极版烤漆红+蓝牙+四驱+避震+独立摇摆+发泡轮,佳仕博母婴专营店,"￥1,288.00 "
大可(dake) 儿童电动车 四轮可坐 福特猛禽F150遥控汽车越野童车宝宝双座位玩具车可坐 高配烤漆黑色+发泡轮+12V10电瓶+皮座椅 福特正版授权 猛禽儿童电动车 经典皮卡造型,大可童车官方旗舰店,"￥1,588.00 "
【京东配送】吉普 儿童电动 四轮双座四驱动大越野童车带摇摆遥控玩具车可坐人小孩 白色皮座+四驱+摇摆+减震软轮发光轮 【大促】 活动期间，优惠下单，礼品多多，立即抢购,调皮宝童车专营店,"￥1,088.00 "
儿童电动 摩托车三轮车大号玩具车可坐人宝宝电瓶男女小孩遥控童车 升级版红色音乐早教皮坐垫蓝牙遥控大电瓶 [下单送；mp3一个.充气轮的多送打气筒一个】 ]让您的宝宝成为闪耀的小明星！,美亿嘉母婴专营店,￥378.00 
儿童电动车 四轮可坐人四驱动双人 儿童车 双座婴儿玩具汽车超大号 电动车 充电遥控越野 车车 童车 四驱升级【红色】+避震软轮+皮座 下单自动有满减活动哦,巧朔母婴专营店,"￥1,578.00 "
儿童电动 摩托车小孩 电动 三轮车可坐宝宝玩具车男女宝宝电瓶车新款 白色+彩灯歌曲+护栏推把+伞 造型可爱 可坐可骑 多色彩 给宝宝更多选择,美亿嘉母婴专营店,￥338.00 
酷太阳 儿童电动车 四轮越野汽车可坐玩具车小孩童车遥控双座摇摆越野四驱 电动 汽车 抛光白四驱摇摆+遥控+发泡轮+皮座+手拉杆 2.4G遥控器 四驱动  独立摇摆功能,琪儿宝母婴专营店,"￥1,088.00 "
奇动（QIDONG） 新款 儿童电动车 摩托车 电动 三轮车赛车小孩可坐玩具车遥控车 粉色豪华款遥控+双驱+减震+MP3+14A瓶 遥控只可以遥控前进后退的哦，不能遥控左右的呢！,乔克母婴专营店,￥288.00 
驰那米 儿童电动车 四轮宝宝车带遥控可坐人双驱 儿童电动 玩具车带摇摆宝宝早教玩具 车电动儿童车 抛光红【遥控+摇摆+早教音乐+皮座+拉杆】,水木年华母婴专营店,￥638.00 
儿童电动车 四轮遥控可坐带摇摆婴幼儿跑车宝宝玩具童车男女小孩子童车 【红色】拉杆+后备箱+遥控+独立摇摆,尚宏母婴专营店,￥488.00 
儿童电动 火车轨道车汽车宝宝小火车2-3-6岁宝宝玩具车多功能可坐人 电动车 红色，轨道周长7米,揽胜玩具专营店,"￥1,999.00 "
乔克叔叔 儿童电动车 摩托车 电动 三轮车小孩可坐玩具车男女宝宝电瓶车新款大白款 粉色豪华MP3款7A 新品升级版上市，微利促销量！ABS高强度环保塑料，耐摔，耐磨，耐用！产品自带多首动感音乐.,乔克叔叔官方旗舰店,￥228.00 
新款 儿童电动 摩托车三轮车小孩宝宝玩具车男女孩可坐人可充电瓶车12 红色4.5A可使用1.5-2小时 建议先咨询客服再下单哦！！！,佳宥母婴专营店,￥158.00 
福儿宝（FUERBAO） 授权奥迪R8 儿童电动车 四轮双驱遥控电瓶车小孩摇摆玩具车坐人汽车 红色+双电双驱+蓝牙遥控+早教+独立摇摆 正版授权 奥迪R8 独立摇摆 早教功能,好娃娃母婴专营店,￥448.00 
【京东配送】宝贝虎 儿童电动车 四轮童车可坐 宝宝玩具车 双驱可遥控小孩 电动 汽车 红色 双电双驱+缓启动+2.4G遥控+USB插口 欲购从速！限量！限量！限量！重要的事说三遍！！！,精艺母婴专营店,￥428.00 
大型路虎 儿童电动车 双座童车遥控四轮双驱双人可坐玩具汽车 电动 黑色抛光+充气轮 暑期狂欢！！！,拙计母婴专营店,"￥5,998.00 "
大可福特四驱动双座 儿童电动车 四轮 宝宝遥控玩具汽车可坐人 孩子超大型童车越野车 烤漆酒红+四驱+MP4播放器+双座皮椅+蓝牙遥控 福特正版授权 四驱双驱可切换 MP4播放器,大可童车官方旗舰店,"￥1,988.00 "
贝瑞佳 【正版授权】宾利 儿童电动车 四轮摇摆童车 双驱遥控电瓶车婴儿小孩玩具车可坐人汽车 白【宾利授权】遥控+自驾+摇摆 正版宾利授权车 液压式车门 带摇摆,小朋友母婴专营店,￥598.00 
快乐牌 儿童电动车 专属安装工具 安装更方便 组装很轻松,孩子家母婴专营店,￥28.00 
（BRJ） 儿童电动车 摩托车三轮车 电动 童车宝宝可坐人玩具车加大 电动儿童车 电瓶车 墨尔本红高配款 110cm加大款 高性价比,王玉仲母婴专营店,￥399.00 
好加（GoodPlus） 玛莎拉蒂 儿童电动车 婴幼儿宝宝可坐人双驱玩具车四轮童车遥控汽车 烤红【早教+摇摆功能+五点式皮座椅+发泡软轮】,好加旗舰店,￥898.00 
儿童电动车 童车 电瓶车 超大小孩玩具车双座可摇摆蓝牙摇控可坐两宝宝大型 儿童电动车 旗舰款红色 可座两个宝宝 仿真740造型,卿贝母婴专营店,￥899.00 
好加（GoodPlus） 【京东配送】好加 儿童电动车 四轮遥控摇摆婴幼儿小孩子男女 电动 童车 红色 2.4G蓝牙遥控+独立摇摆+早教功能+双开门,梓鸢母婴专营店,￥398.00 
正版授权 儿童电动车 可坐四轮童车遥控汽车高品质多功能双驱动大码童车 烤漆酒红 6档蓝牙遥控+学习机功能+避震+缓起动 【京东品质 货到付款】德国三叉星的承诺，安全舒适小孩可坐电动童车。,曦达母婴专营店,￥998.00 
东方神骑 儿童电动车 电瓶 童车蓄电池 玩具车6v4 6v4.5 6v7ah充电电瓶蓄电池 6V4.5A(3-FM-4.5) 京东配送支持货到付款，全新足量足安电瓶，三个月内有质量问题免费换新！,嘉佳母婴专营店,￥55.00 
宝宝小孩 儿童电动车 电瓶童车蓄电池 四轮汽车玩具车6v 12V充电电瓶 6V7A 正常发货，请放心购买,浩贝佳母婴专营店,￥55.00 
"东方神骑 宝宝小孩 儿童电动车 电瓶童车蓄电池四轮汽车玩具车6v46v4.56v7充电瓶电池 6V4.5A电池 足量足安电瓶,有质量问题三个月换新 京东配送，安全放心！",海鸥玩具专营店,￥55.00 
原装 儿童电动车 童车12V充电器6V充电器12V电瓶6V电瓶玩具车汽车通用电瓶 12V7A 电瓶,万通母婴专营店,￥75.00 
豪威 婴 儿童电动车 四轮遥控汽车可坐男女小孩摇摆童车宝宝玩具车可坐人 高配款红色+蓝牙遥控+避震 可遥控+可自驾+可摇摆（独立摇摆电机）+双电瓶+双电机（双驱动）+早教功能+车载播放器+U,跃骑运动专营店,￥428.00 
锋达 儿童电动 摩托车可坐人宝宝三轮 电动 童车小孩电瓶车玩具车 白色,锋达玩具官方旗舰店,￥328.00 
科幻 儿童电动车 绚丽灯光太空车四轮带遥控概念车男女宝宝婴儿可坐玩具汽车跑车小孩 电动 童车带摇摆 极光白 双电双驱+缓启动+四轮炫光+双开门+减震 支持无线连接手机播放手机音乐（此功能目前只有我们家有）超级实用，想听什么都能放，不用下载了,丽妮诗曼官方旗舰店,￥399.00 
"奥新 儿童电动 摩托车带灯光音乐可前进后退可坐玩具车电瓶车 红色带灯光音乐+前进后退 带音乐灯光可前进后退可坐玩具车电瓶车,六一儿童节礼物",海边母婴专营店,￥198.00 
BRJ 儿童电动车 四轮宝宝玩具电瓶摇摆车可坐遥控车小孩汽车 电动 童车 激情红（高配款烤漆） 高配款 烤漆 多功能 摇摆,皆因有爱儿童用品专营店,￥458.00 
儿童电动车 四轮可坐带遥控大号 电动 汽车 红色+四驱+皮座椅+赠品礼包 加厚环保材质  孩子玩的开心 妈妈更放心,图胜母婴专营店,￥888.00 
【京东配送】驰那米保时捷车型 儿童电动车 四轮越野车婴幼儿摇摆童车可坐小孩遥控汽车宝宝玩具 烤漆酒红+皮座椅+摇摆+双驱+12V电瓶+发光轮 【直降优惠】【领卷满减】优惠多多、数量有限！欲购从速哦！限量！抢！！,益京母婴专营店,"￥1,088.00 "
【京东配送】新款M6加长版 儿童电动车 四轮车婴幼儿童车小孩可坐人遥控汽车宝宝玩具电瓶车 抛光红色+2.4G遥控+拉杆+皮座位 【优惠直降中】下单就送礼！欲购从速！限时！限量！抢！抢！（货到付款走京东快递）,大鹏童车专营店,￥488.00 
贝儿佳（BRJ） 儿童电动车 仿真 儿童电动 摩托车多功能 儿童电动 三轮车坐骑灯光音乐玩具车 M白早教双驱灯光 限时促销,童梦星母婴专营店,￥388.00 
宝乐堡 儿童电动车 四轮保姆 儿童车 可手推可遥控 电动 汽车 小孩摇摆汽车 可播放MP3 苹果绿 〖新品上架 下单立减 满额再减〗轮子离合 早教语音 蓝牙遥控 摇摇车功能 带推把 动感语音,宝乐堡官方旗舰店,￥399.00 
栋马 路虎授权 儿童电动车 四轮可坐 电动 摩托车宝宝玩具汽车童车礼物 儿童 汽车遥控音乐 白色+遥控 【12.26-1.01】年末大促！跨店每满299-50立减中！,瑞达母婴专营店,￥499.00 
大型双座 儿童电动车 四轮带遥控电瓶玩具汽车可坐人小孩宝宝 电动 遥控越野汽车 白色四驱避震软轮,宝迪乐母婴专营店,"￥1,588.00 "
奥新 儿童电动车 三轮车摩托车大号2-3-5岁男女宝宝可坐带小孩车充电童车 蓝 单驱动，真扯钥匙启动，三档开关,沣舟母婴专营店,￥235.00 
【顺丰配送】 儿童电动车 四轮可坐人遥控汽车小孩1-3岁男女宝宝新款玩具童车 白色标配版单电单驱+2.4G遥控(无摇摆) 【可选双驱双电带摇摆】【注：偏远地址发邮政快递】了解更多请点击。,佳成母婴专营店,￥288.00 
好孩子（Goodbaby）奥迪R8 儿童电动车 四轮童车玩具可坐遥控车宝宝玩具车充电汽车 红色 全国联保 可遥控 可坐人  双电瓶,展卓母婴专营店,"￥1,399.00 "
儿童电动车 四轮可坐人男女宝宝玩具车遥控四轮车双驱双电+2.4遥控 婴儿电瓶车小孩充电车 红色单电单驱+2.4遥控+无礼品,小阿明专卖店,￥289.00 
LEKANG 【京东配送】 儿童电动 摩托车三轮车可坐 电动 汽车宝宝音乐早教玩具车小孩玩具 电动 红色(带蓬) 配送充电器及安装工具  可推 可坐可滑行的儿童电动车,孩子家母婴专营店,￥279.00 
儿童电动车 四轮宝宝摇摆汽车双驱动遥控男女婴儿小孩玩具车可坐人 烤漆酒红+拉杆+缓启+双驱+摇摆音乐早教遥控 多功能型 儿童电动车,佳宥母婴专营店,￥798.00 
"POSCN 儿童电动车 四轮双驱遥控带摇摆电瓶车婴儿小孩玩具车可坐 TC5301-0310 标配单驱单电+大红色+遥控 造型可爱 简单易学 轻松上手安全稳定,父母安心宝宝玩得开心,给孩子快乐的童年！更多~",POSCN官方旗舰店,￥386.00 
【京东配送】超大悍马越野 儿童电动车 四轮超大号带摇摆可遥控玩具车可坐人男女小孩宝宝 电动 汽车 白色-双驱-摇摆-皮座椅-蓝牙遥控-加长款,杰菲亚母婴专营店,￥699.00 
儿童电动车 电源启动开关 电动 玩具汽车童车一键启动 启动开关（3脚）,佳龙童车专营店,￥16.00 
宝贝虎新款 儿童电动车 摩托车 电动 三轮车男女宝宝玩具车可坐电瓶车童车 白色 脚踏油门 前进后退 舒适座椅 大号储备箱 仿真排气管 防滑轮,明炫母婴专营店,￥198.00 
小荧星 科幻 儿童电动车 四轮车带遥控宝宝婴儿车可坐人玩具车小孩 电动 童车小汽车【爆】 高配2.4G蓝牙遥控【极光白】 【先领券！再购物】现货热卖 品牌授权 售后无忧 24h出库 默认顺丰、圆通、中通、申通,朗静哲官方旗舰店,￥598.00 
贝瑞佳 【带MP4液晶屏】大型奔驰 儿童电动车 四轮越野车可坐人双驱动男女宝宝玩具汽车带遥控 黑色高配+发泡软胎+mp4液晶屏 高配带MP4液晶屏 奔驰正版授权,诚尚贝贝母婴专营店,"￥1,580.00 "
【京东配送】奔驰 儿童电动车 四轮遥控摇摆童车玩具车可坐人小孩宝宝 电动车 白色+2.4G遥控 豪配 双电双驱+避震+早教音乐+发泡轮+摇摆 奔驰授权，礼品多多,陌哪赣ぷㄓ戡￥ 898.00,
儿童电动车 电瓶 电动 玩具车摩托车工程车小汽车电瓶 6V免维护蓄电池 12V7AH/20HR(6-FM-7) 注意区分6V与12V，不懂可问客服。,佳龙童车专营店,￥96.00 
【京东配送】孩智堡 儿童电动车 四轮车婴幼儿摇摆童车小孩可坐人遥控推车汽车宝宝玩具 公主粉 舒适版+遮阳棚+皮座+发光轮+摇摆+推杆+通用功能 【直降优惠】【领卷满减】优惠多多、数量有限！欲购从速哦！限量！抢！,益京母婴专营店,￥568.00 
好儿宝 【京东配送】 儿童电动车 四轮汽车宝宝可坐遥控童车越野车双开门可摇摆玩具车多功能 红色+双电双驱+摇摆+双开门+避震+发光轮 四轮减震 带摇摆 便携式拉杆 多功能播放器 储物箱,迪卡乐母婴专营店,￥598.00 
【京东配送】蚁道 儿童电动车 四轮可坐遥控汽车路虎双座宝宝玩具车带摇摆便携拉杆 红色    双人双坐加大空间+2.4G蓝牙遥控 中配  标配 摇摆+便携拉杆+早教+多媒体+皮座椅 【京东配送】,陌哪赣ぷㄓ戡￥ 718.00,
儿童电动车 挖土机  挖掘机 可坐玩具工程车 黄色遥控版 【出游季！】自动挖臂+闪灯带音乐 赠送充电器,孩子家母婴专营店,￥438.00 
【京东配送】【官方授权】奥迪R8 儿童电动车 四轮双驱汽车带摇摆可坐人宝宝车遥控玩具车早教童车 黄色【奥迪R8】+双驱+遥控+摇摆+五点式皮椅,好娃娃母婴专营店,￥878.00 
儿童电动车 四轮跑车小孩可坐遥控汽车双驱电瓶摇摆童车宝宝玩具车法拉利 电动车 1 顶配版中国红+2.4G蓝牙遥控+摇摆 可遥控可自驾+大电瓶+摇摆功能+电量显示+四轮避震+2.4G蓝牙一对一遥控,赛神母婴专营店,￥368.00 
儿童电动 摩托车小孩子可以骑的 儿童电动车 三轮摩托车童车 玩具车 红色991 电动车 春节正常发货  时尚 正品儿童警车，酷，帅，潮流    建议3岁以下,浩贝佳母婴专营店,￥168.00 
Rollplay 【新品首发】 儿童电动车 警车小孩玩具车四轮可坐人宝宝汽车 12V+双驱动 黑色 官方正品  质量保证 不满意免费退换货 上门取件,Rollplay儿童户外玩具旗舰店,"￥1,399.00 "
儿童电动车 铅酸电瓶电池蓄电池充电免维护6v4.5ah6v7ah 6v12ah 12v7ah 6v10ah 儿童电动车电瓶 各种规格都有,富爵母婴专营店,￥65.00 
【正版授权】大型奔驰G65 儿童电动车 四轮可坐人男女宝宝越野车小孩玩具汽车带遥控婴幼儿童车 烤漆酒红+防爆避震软胎+皮座椅,诚尚贝贝母婴专营店,"￥1,278.00 "
儿童电动车 宝宝玩具车可坐人汽车四轮童车小孩遥控越野吉普车路虎 中国红 梅赛德斯-奔驰 正版授权 店长推荐产品请点击,小荧星丰晟兴专卖店,￥918.00 
儿童电动车 摩托车双驱男女孩三轮车宝宝玩具车带遥控汽车可坐人两小孩的电瓶车充电车 红色双驱,小阿明专卖店,￥338.00 
【京东配送】驰那米新款 儿童电动车 摇摆可坐人男女宝宝小孩婴儿带遥控早教玩具电瓶四轮童车 旗舰【烤漆酒红】所有功能+皮座 领券下单，优惠直降中！欲购从速！下单就送礼！限时！限量！抢！,亦捷母婴专营店,￥738.00 
【京东配送】新款 儿童电动车 三轮车摩托车宝宝可坐玩具车小孩电瓶车童车1-8岁 蓝色+双电双驱+音乐+皮座位 【优惠直降中】下单就送礼！欲购从速！限时！限量！抢！抢！（货到付款走京东快递）,大鹏母婴专营店,￥368.00 
祁裕 【京东配送】新款越野 儿童 遥控坐人 电动车 四轮遥控车可选双驱四驱大号四轮摇摆越野 电动车 四驱白色2.4蓝牙调速遥控器缓启动摇摆 迎圣诞！送宝贝 小朋友礼物  可自驾  全车灯光可控制 两驱 四驱 可选大型儿童电动车,汇鑫锦文母婴专营店,￥619.00 
正版授权奔驰G65 儿童电动车 四轮大号高开门双驱遥控 电动 童车宝宝可坐人汽车玩具车越野车 抛光黑色+高开3门 皮座+发泡软胎,娃娃脸母婴专营店,"￥1,158.00 "
"乐仔 儿童电动 摩托车 三轮车小孩玩具车 可坐宝宝 电动车 童车警车 红色4A电瓶 3周岁以下宝宝适用,环保无味,更多产品请点些链接",麦莫母婴专营店,￥168.00 
爱童（AITONG） 【京东配送货到付款】爱童宝马款 儿童电动车 四轮小汽车遥控车童车婴儿车 低配红色单电单驱款 迎圣诞！送宝贝 小朋友礼物  可以遥控看自驾 安全舒适,汇鑫锦文母婴专营店,￥279.00 
锋达玩具（FD） 锋达 儿童电动 摩托车宝宝可坐人 电动 三轮车玩具童车 9801A红色 满168-20元，领券再减5元！,锋达玩具官方旗舰店,￥256.00 
奥新 儿童 摩托车 电动 三轮车1-3-5岁宝宝电瓶车带音乐可充电哈雷车 红 一键启动、LED车灯、三档开关控制、防侧翻设计，使用时长一个小时左右电瓶质保一年，六一儿童,沣舟母婴专营店,￥228.00 
脉驰 婴 儿童电动车 四轮遥控汽车可坐男女小孩摇摆童车宝宝玩具车可坐人 翠绿色高配+双驱摇摆推车版 四功能童车（1.可遥控 2.可自驾 3.可当推车 4.可当摇摆车） 摇摆（独立摇摆电机等等,佳宥母婴专营店,￥358.00 
【京东配送】布加迪双驱 儿童电动车 四轮可坐人玩具车小孩宝宝童车带遥控 电动 汽车摇摆车婴儿车 旗舰版【烤漆酒红】摇摆-皮座-音乐-遥控-发光轮,杰菲亚母婴专营店,￥798.00 
【京东配送】驰那米新款保时捷 儿童电动车 双驱四轮遥控宝宝小孩可坐婴儿摇摆玩具汽车 烤漆红-双驱+摇摆+缓启动+拉杆 领券下单，优惠直降中！欲购从速！下单就送礼！限时！限量！抢！,亦捷母婴专营店,￥668.00 
栋马路虎 儿童电动车 四轮越野车童车宝宝遥控汽车小孩玩具车可坐人 烤漆红+缓启动+5点皮座+避震软轮,三浦母婴专营店,￥ 1388.00 ￥1238.00
好孩子 儿童电动车 宝宝玩具汽车遥控车可坐人四轮W480 小孩 电动 汽车白色宝马有安全带双驱动M200 圣诞狂欢 全场每满99-20 上不封顶 爆品直降，满赠送大礼 仅限3天点击→,好孩子童赞专卖店,"￥1,998.00 "
2016新款保时捷 儿童电动车 摇摆四轮可坐人 儿童 婴儿摇摆车遥控玩具 电动 汽车 烤漆酒红 双电双驱+摇摇车+五点式安全带+软皮座椅 【京东品质 货到付款】四轮宝宝电动车 遥控手动双模式，可变摇摇车 带娃必备神器 欲购从速,笑娃娃旗舰店,￥698.00 
儿童电动车 赠品螺丝刀 儿童电动车赠品螺丝刀,小朋友母婴专营店,￥18.00 
【京东配送】大众途锐授权 儿童电动车 四轮车婴幼儿可坐童车小孩遥控汽车越野车宝宝玩具 高配烤漆红+皮座椅+发泡软轮+遥控+减震+拉杆 高配 【直降优惠】【领卷满减】优惠多多、数量有限！欲购从速哦！限量！抢！,益京母婴专营店,"￥1,288.00 "
华婴新款吉普 儿童电动 汽车四轮童车越野拉杆四驱遥控带摇摆早教闪光轮云飞 白色+四驱+闪光轮+早教+拉杆,华雄母婴专营店,"￥1,102.00 "
儿童电动 摩托车遥控 电动车 三轮车 电动 宝宝童车四轮 甲壳虫童车 周岁礼物 三轮车宝宝汽车 3 9闪瓢虫,宁斐母婴专营店,￥159.00 
宝贝虎 【京东配送】新款童车摩托车 儿童电动车 三轮车宝宝电瓶车童车 大红色 【优惠直降中】下单就送礼！欲购从速！限时！限量！抢！抢！（货到付款走京东快递）,大鹏母婴专营店,￥198.00 
儿童电动车 电瓶 浅蓝色,恒语童车专营店,￥45.00 
酷太阳 【京东配送】大号 儿童电动车 双座童车四驱大电瓶四轮越野车玩具车宝宝可坐遥控小孩汽车 白色 限量版+大电瓶+四驱+皮座椅+发泡轮 手机蓝牙音乐 FM早教 手排档 座椅前后调节 遥控3档调速 一键启动 灯光独立开关,迪卡乐母婴专营店,"￥1,588.00 "
婴 儿童电动车 双驱四轮遥控玩具汽车可坐人1-3岁宝宝室内手推餐车 白色三合一 遥控+早教+自驾 现货,迦旭母婴专营店,￥640.00 
红思达 儿童电动车 摩托车双驱 电动车 三轮车可坐可骑充电 男女孩宝宝玩具车 音乐灯光1~6岁 红色+后备箱+双驱动 品质保证，给孩子一个开心的童年,京木母婴专营店,￥295.00 
（HLM） 儿童电动车 摩托车踏板车男女婴儿小孩宝宝玩具车可坐人汽车 电动 童车 小黄人 热销款 新升级,王玉仲母婴专营店,￥198.00 
驰那米 儿童电动车 四轮室内童车婴儿玩具汽车遥控男女宝宝可坐摇摆摩托车 白色+手推功能+遥控+5点安全带+皮座 ① 早教功能，有儿歌、故事、英语等。 ② 2.4G蓝牙遥控设计更安全。③360度自由旋转，,颖向儿童玩具专营店,￥458.00 
杰里米（Jielimi） 买 儿童电动车 免费赠送可定制车牌,诺伊母婴专营店,￥199.00 
【京东配送】大可福特授权 儿童电动车 四轮越野车四驱动双座大型童车可坐小孩遥控汽车宝宝玩具 烤漆红+四驱+MP4播放+双坐皮椅+蓝牙遥控+软轮 【直降优惠】【领卷满减】优惠多多、数量有限！欲购从速哦！限量！抢！,益京母婴专营店,"￥1,980.00 "
新款时尚大气 儿童电动车 敞篷级 儿童 跑车双驱动四轮减震双开门童车炫彩发光轮 儿童电动 摇摆车 豪华烤漆酒红 全功能 《收货后联系客服有赠品》一键启动+早教+音乐+摇摆+皮座前后可调+折叠遮阳篷,卡乐丁母婴专营店,"￥1,488.00 "
小荧星（xiaoyingxing） 栋马新款双驱捷豹 儿童电动车 宝宝玩具汽车遥控四轮可坐童车 豪华版活力橙 2.4G遥控变速+舒适避震软轮+缓起 安全性强 通过3C认证 马力足 授权,快乐小红花童车专营店,"￥1,198.00 "
1.35米 儿童电动 汽车双座大皮卡车可坐人JEEP吉普四驱越野车牧马人摇摆四轮童车灯光大电池 白色【标配】 【本店专享无线播放功能】四驱双座大电瓶遥控大皮卡车/四轮灯光/缓启动/摇摆/遥控/四轮避震,丽妮诗曼官方旗舰店,￥758.00 
海玫瑰 儿童电动车 三轮车摩托车宝宝可坐玩具车小孩12电瓶车 中国红10安+礼品+滑板车 自带多首动感音乐.早教，新增超炫闪灯！适用1-5岁,佳宥母婴专营店,￥258.00 
驰那米加长 儿童电动车 童车小孩宝宝可坐人带遥控四轮双驱 电动 玩具汽车男女婴儿摇摆车 烤漆红+播放器+双驱双电+摇摆+遥控+拉杆 欲购从速！限量！限量！限量！重要的事说三遍！！！,赫誉母婴专营店,￥668.00 
梦幻神童（MENGHUANSHENTONG） 新款 儿童电动车 可坐人 儿童 汽车摇摆 电动 汽车 红色 豪华配置 大礼包 送皮座椅,兴德童车专营店,￥488.00 
爱童（AITONG） 京东配送爱童牧马人款 儿童电动车 四驱双驱双座玩具车充电遥控越野款汽车 12V红色双驱遥控器MP3摇摆功能普通座椅 迎圣诞！送宝贝 小朋友礼物  轮胎书包可单独购买 可以坐下两个孩子，适合1到15岁的孩子，,汇鑫锦文母婴专营店,￥698.00 
好来喜双座 儿童电动车 四轮宝宝玩具车遥控可坐人小孩 电动 童车汽车 红色2.4G+四开门+发光轮+前后双座+电子助力 前后双座 四开门 电子助力 四轮发光 便携拉杆,皓立童车专营店,"￥1,588.00 "
新款科幻酷炫 儿童电动车 四轮带遥控跑车宝宝婴儿缓起步可坐人玩具车小孩 电动 童车汽车 高配2.4G蓝牙遥控极光白 《收货后联系客服有赠品》科幻酷炫 儿童跑车,英华欣母婴专营店,￥698.00 
【顺丰配送】 儿童电动车 四轮可坐人带摇摆 婴幼小孩遥控车宝宝玩具汽车跑车音乐早教双驱动童车 高配红色+双驱双电+2.4G遥控 一键启动 遥控自驾 音乐早教 双开门 四轮避震  独立灯光 电量显示,佳成母婴专营店,￥388.00 
婴 儿童电动车 四轮遥控汽车可坐男女小孩摇摆童车宝宝玩具车可坐人 顶配红色+双电瓶双驱+摇摆+皮坐垫 年度优惠来袭,轩满母婴专营店,￥538.00 
乐逗 【京东配送】 儿童电动车 四轮童车可坐 宝宝玩具车可遥控小孩 电动 汽车可以吹泡泡的童车 黑色 带吹泡泡功能+后备箱+一键启动+2.4G遥控 【优惠直降中】下单就送礼！欲购从速！限时！限量！抢！抢！（货到付款走京东快递）,小小贝母婴专营店,￥468.00 
好乐美 儿童车电动车 宝宝车摩托车三轮车 电动 玩具汽车 粉红色 顺丰快递发货,安心宝贝母婴专营店,￥258.00 
快乐达 【京东配送】 儿童电动 摩托车 三轮车可坐 电动 汽车宝宝玩具 儿童 玩具车可坐人儿童车 萌萌兔（音乐早教） 带音乐早教，骑行娱乐两不误，七天无理由退货，还送运费险哦！,聚品童车专营店,￥258.00 
儿童电动车 摩托车1-2-3-4-5岁三轮车小孩可坐玩具车男女宝宝婴儿 电动 摩托车电瓶车可充电 红色10A电瓶,凯德母婴专营店,￥188.00 
【京东配送】蚁道 儿童电动车 四轮可坐人四驱越野带摇摆宝宝玩具遥控汽车可以遥控自驾 顶配白色 双驱动 摇摆 遥控自驾 音乐早教,蚁道旗舰店,￥566.00 
孩子王 儿童电动车 三轮摩托车 太子车  宝宝可坐玩具车 小孩电瓶车1-3岁 蓝色 单电单驱 孩子王童车品牌保障，前进后退三档！,孩子王母婴旗舰店,￥225.00 
福儿宝（FUERBAO） 儿童电动车 四轮可坐带遥控摇摆 电动 汽车 儿童 玩具车可坐人双驱童车 可爱粉+双电双驱+3档遥控+超大空间+摇摆 【货到付款，京东配送】,佳仕博母婴专营店,￥528.00 
儿童电动 摩托车带灯光音乐可前进后退可坐玩具车电瓶车 白色带灯光音乐前进后退 到音乐灯光可前进后退可坐玩具车电瓶车，六一儿童节礼物,健一康母婴专营店,￥198.00 
【正版授权 京东配送】奥迪R8 儿童电动车 四轮可坐人1-4岁男女宝宝玩具车小孩遥控汽车带摇摆 黄色+双电双驱（无摇摆） 奥迪正版授权 1-4岁宝宝 如需带摇摆功能和皮座椅配置，可在增值服务里面选择,诚晟母婴专营店,￥418.00 
儿童电动车 四轮卡丁车双驱双电可坐宝宝遥控玩具汽车充气轮沙滩车 双驱双电+无遥控【充气轮】颜色备注 .,迅鱼母婴专营店,￥368.00 
栋马 超大悍马 儿童电动车 四轮越野遥控宝宝 电动 玩具汽车 儿童电动 玩具车小孩可坐 电动车 玩具童车 红色  双驱+大电瓶+避震+拉杆+发光轮胎 超大越野！！  降价冲销量！！机会不要错过！！让你花600多的钱体验1000多元的车！！！,恒语童车专营店,￥666.00 
新款婴儿卡通车 儿童电动车 四轮车带摇摆童车可推电瓶车可坐人双驱小孩男女宝宝玩具汽车1-4岁 黄色】可转向推杆+遥控+摇摆+自驾 皮座椅+发光轮+遮阳棚,娃娃脸母婴专营店,￥498.00 
Rollplay 童 电动车 四轮漂移车小孩宝宝玩具车可坐人充电电瓶车广场 儿童 畅玩版/狂派大白鲨 官方正品  质量保证 不满意免费退换货 上门取件,Rollplay儿童户外玩具旗舰店,"￥2,699.00 "
Rollplay 童 电动车 四轮漂移车小孩宝宝玩具车可坐人充电电瓶车广场 儿童 畅玩版/狂派大白鲨 官方正品  质量保证 不满意免费退换货 上门取件,Rollplay儿童户外玩具旗舰店,"￥2,699.00 "
Rollplay 儿童电动车 小孩卡丁车可坐人宝宝玩具车2-5岁溜溜车 F1红色 官方正品  质量保证 不满意免费退换货 上门取件,Rollplay儿童户外玩具旗舰店,￥379.00 
2017新款 儿童电动车 摩托车警车 三轮车可坐人宝宝童车 女孩电瓶车玩具车男孩宝宝车 蓝色摩托车M991 正常发货  红 蓝 粉 白 四色可选    建议3岁以下，正品警车,浩贝佳母婴专营店,￥168.00 
【京东配送】蚁道 儿童电动车 轿车跑车四轮可坐带遥控 电动 汽车 摇摆 儿童 玩具车可坐人 烤漆红+摇摆+双电双驱+遥控优先+皮座+音乐播放 蚁道旗舰店.购车赠礼包.货到付款走京东配送,蚁道旗舰店,￥518.00 
孩子王 儿童电动车 老爷车双驱动可遥控小孩 电动 汽车四轮童车可坐宝宝玩具汽车 米白+镀金 双电双驱+缓启动 拍下立减100！做工扎实 电量持久 蓝牙遥控 仿真老爷车  带音乐,孩子王母婴旗舰店,￥758.00 
【京东配送】宝贝虎7188A 儿童电动车 四轮双驱车遥控汽车 可坐男女宝宝车小孩玩具车 白色+2.4G遥控+后备箱+拉杆 欲购从速！限量！限量！限量！重要的事说三遍！！！,精艺母婴专营店,￥468.00 
"儿童电动 摩托车 儿童电动车 三轮车 电动 宝宝电瓶车童车警车 白色摩托车991 儿童电动摩托车警车，红  蓝  粉 白 四色可选   建议3岁以下,正品",浩贝佳母婴专营店,￥168.00 
孩智堡 儿童电动车 摩托车超大款童车玩具车可坐两宝缓启动可调速12v7A双驱电瓶车 1.2米长摩托车红色 双驱豪华变速升级款 1.2米长超大款式摩托车，可坐两宝，加大加长款，12V7A大电瓶,卿贝母婴专营店,￥698.00 
风速 【京东配送】大型宝马 儿童电动车 四轮可坐人宝宝小孩带遥控玩具车汽车摇摆童车 顶配白【大电瓶+摇摆+皮坐】 【大促】 活动期间，优惠下单，礼品多多，立即抢购,调皮宝童车专营店,￥640.00 
儿童电动车 摩托车三轮车可坐人小孩童车2岁3岁宝宝玩具车男女宝宝车 标配芭比粉+音乐灯光+4AH电瓶 【满199-30】10AH大电瓶 续航3小时  可选遥控 联系在线客服 了解更多请点击。,佳成母婴专营店,￥228.00 
儿童电动车 前进停止后退档位杆 电动 玩具汽车前进后退开关 童车配件 B款,佳龙童车专营店,￥18.00 
贝瑞佳（BeRica） 儿童电动车 可坐双驱越野车四轮车宝宝沙滩车婴童车摩托车 24V红色双驱 贝瑞佳官方旗舰店 满299元减50元！加送礼包！狂欢不止！,贝瑞佳童车官方旗舰店,"￥1,188.00 "
小不点 法拉利 儿童电动车 汽车 四轮双驱童车宝宝玩具车烤漆小孩无线遥控可坐人仿真跑车 红色2.4G遥控双电双驱缓启动 加宽轮更稳定 纯钢轴承大承重 四轮闪光重力转向 点击购买,优诺童车专营店,￥379.00 
儿童电动车 四轮汽车新款沙滩车大动力双驱越野车宝宝小孩玩具车男女宝宝可坐汽车玩具童车 旗舰版白色立体音乐+大双驱+多功能方向盘,恒琪玩具专营店,"￥2,250.00 "
小龙哈彼 儿童电动 三轮摩托车 智能断电保护 防滑座椅 L139 红色 12月京东大促好孩子品牌系列全场满减每满199-15元，厂家直发全国联保，放心购买,太原唐久大卖场,￥255.00 
IWAN 1.3米 儿童电动车 四驱可坐人带遥控四轮 电动 小孩汽车宝宝玩具车越野 儿童车 新款荧光绿（四轮驱动+发光车轮） 【优惠不停滞】1.3m大尺寸越野车，四驱澎湃动力，可坐两人，领券还有优惠哦！,聚品母婴专营店,￥858.00 
栋马 双座吉普越野 儿童电动车 四轮四驱大号带摇摆可遥控玩具汽车可坐人男女小孩宝宝电瓶车 四驱红色大电瓶+摇摆+皮座椅+四轮发光 【12.26-1.01】年末大促！跨店每满299-50立减中！,瑞达母婴专营店,"￥1,168.00 "
【顺丰包邮】星辉rastar法拉利 儿童电动车 四轮童车宝宝玩具车可坐遥控小孩双开门汽车 红色双驱+送滑行车一辆+合金车模+车罩+自定义车牌 可坐人跑车  红色(0至8岁)    双驱双电机,星童母婴专营店,"￥1,950.00 "
A+B 儿童电动 摩托车托马斯三轮四轮宝宝 电动车 电瓶车工程车充电可坐昌益 蓝色,晴朗童车专营店,￥258.00 
【京东配送】贝瑞佳新款奥迪R8 儿童电动车 四轮遥控宝宝玩具 电动 跑车小孩可坐人带摇摆汽车 黑色+独立摇摆+全新中控+双开门+遥控+皮座椅,俊佳母婴专营店,￥878.00 
新品 电动 汽车婴 儿童电动车 摩托车三轮车可坐小孩1-3童车4-5岁宝宝玩具车可坐人 顶配红色遥控+音乐+灯光+油门+工具,佳宥母婴专营店,￥238.00 
法拉利 儿童电动车 四轮童车可坐 宝宝玩具车双驱可遥控的小孩 电动 的汽车 经典潮流天空蓝 标配+双驱+一键启动+避震+后备箱,佳宥母婴专营店,￥399.00 
栋马 【货到付款京东配送】 儿童电动车 童车奔驰授权G55越野遥控四轮宝宝玩具车小孩汽车可坐 奢华配置G55烤漆亮黑 2.4G+发泡轮+皮坐 栋马正品  奔驰授权 整车烤漆工艺 蓝牙遥控 避震软胎  下单即送10份礼物！,聚萌母婴专营店,"￥1,388.00 "
【京东配送】贝瑞佳授权奔驰 儿童电动车 带液晶显示屏中控系统宝宝遥控可坐汽车双驱双电童车 白+液晶显示屏+中控2.4G蓝牙+防爆软轮+皮座椅 支持货到付款 京东配送~！下单就送礼物 随车一起寄出~！,星宝童车专营店,"￥1,288.00 "
【京东配送】M6加长版 儿童电动车 四轮车婴幼儿童车小孩可坐人遥控推车汽车宝宝玩具 烤漆红+皮座位+蓝牙遥控+拉杆+发光轮+摇摇车 【优惠直降中】下单就送礼！欲购从速！限时！限量！抢！抢！（货到付款走京东快递）,大鹏母婴专营店,￥568.00 
儿童电动车 开关 小孩 电动 玩具汽车开关 童车配件 前进后退开关 【尺寸2.5*3.1cm】儿童电动车专用，非童车请勿购买！,佳龙童车专营店,￥15.00 
蚁道（JLYIDAO） 【京东配送】双座 儿童电动车 四轮汽车可坐遥控玩具宝宝 电动 越野摇摆车 顶配红+双座+拉杆+2.4G遥控+摇摆+皮座发光轮 【优惠直降中】下单送礼！欲购从速！【货到付款发京东快递】,大鹏母婴专营店,￥915.00 
【京东配送】贝瑞佳正版授权奥迪TT 儿童电动车 四轮可坐人玩具 车儿童 汽车宝宝 车儿童车 顶配红色+双驱电+蓝牙遥控+摇摇车+音乐早教 支持货到付款 京东配送~！下单就送礼物 随车一起寄出~！,星宝童车专营店,￥976.00 
【京东配送】风速M6加长版 儿童电动车 四轮车婴幼儿摇摆童车小孩可坐人遥控推车汽车宝宝玩具 红色+2.4G遥控+摇摆+推杆+发光轮+皮座椅 欲购从速！限量！限量！限量！重要的事说三遍！！！,赫誉童车专营店,￥688.00 
【顺丰配送】 儿童电动车 四轮可坐人小孩遥控玩具汽车童车摇摇车新款宝宝玩具跑车 定制豪华版-烤漆酒红色+皮座+风扇 【抢200神券 下单立减】【集成中控 便携拉杆 双开门设计】更多请点击。,华美盛母婴专营店,￥998.00 
【正版授权 京东配送】小荧星 玛莎拉蒂 儿童电动车 男女宝宝可坐人小孩玩具四轮遥控汽车跑车 抛光红色+五点式皮座椅+塑料轮,诚尚贝贝母婴专营店,￥698.00 
小荧星 沙滩车 儿童电动车 越野车四轮可坐人 电动 双驱车小孩宝宝玩具车 旗舰版红色【立体音乐+七彩闪灯+大双驱+多功能方 【先领券！再购物】现货热卖 品牌授权 售后无忧 24h出库 默认顺丰、圆通、中通、申通,朗静哲官方旗舰店,"￥2,258.00 "
儿童电动车 摩托车三轮车可坐2-3-4岁男女宝宝婴儿小孩玩具电瓶童车 白色+自驾+音乐+灯光,迅鱼母婴专营店,￥178.00 
儿童电动车 电流过载保护器 电动 玩具汽车自动复位保险器 童车保险丝 10A,佳龙童车专营店,￥15.00 
婴 儿童电动车 摩托车 电动 三轮车手推车可坐骑男女宝宝玩具车电瓶车 黄人+蓝棚+推把+2个座椅 礼包+赠品,迦旭母婴专营店,￥385.00 
好加（GoodPlus） 儿童电动车 新款加长版吉普四轮可坐遥控玩具宝宝 电动车 越野早教避震 顶配红色+蓝牙遥控+音乐早教+摇摇车,梓鸢母婴专营店,￥518.00 
儿童电动车 电动 摩托车 电动 三轮车玩具车 宝宝童车可坐 高配有遥控米黄 有安全带 音乐 炫彩灯 可选配遥控装置 骑乘舒适,科博母婴专营店,￥328.00 
萨玛特 儿童电动车 四轮双驱玩具沙滩车 儿童 发光避震轮可坐人带蓝牙遥控 电动车 宝宝玩具车 白色（蓝牙遥控+发光避震轮+缓启动+早教功能）,聚品玩具专营店,￥768.00 
贝儿佳 儿童电动车 四驱大电瓶四轮双驱动越野可坐人玩具遥控汽车男女宝宝小孩童车5168 黑色四驱版 双驱/四驱+摇摆+早教+缓启动+三挡调速+遥控/自驾+双开门+减震,如久母婴专营店,￥668.00 
贝瑞佳 奥迪 儿童电动车 四轮摇摆1-2-3-4岁四轮摇摆童车遥控男女婴儿小孩玩具汽车可坐 顶配红色+双驱双电+蓝牙遥控+音乐早教+摇摇车 .,迅鱼母婴专营店,￥448.00 
dodoto 儿童电动 摇摆车四轮避震可坐人遥控车童车BB车宝宝玩具车双电瓶双驱动6688 红色-顶配版 【京仓配送】【评价晒图送100粒积木或皮座椅，两者二选一】特价产品 戳我 戳我,居上母婴专营店,￥699.00 
【京东配送 可货到付款】贝瑞佳授权童车 儿童 摩撬 车电动 童车 儿童电动车 小孩玩具2-9岁 红色 配送2个辅助轮 高低双速 12V大电瓶  晒图3张以上可截图客服返现30元!,阿迪乐母婴专营店,￥898.00 
【京东配送】大可（dake） 儿童电动车 四轮遥控小汽车玩具车孩子可坐摇摆童车路虎越野车双驱 白色双驱+大电瓶+摇摆功能+早教+四轮避震+手拉杆 下单送好礼！限时！限量！抢！抢！抢！ 独立摇摆功能,琪儿宝母婴专营店,￥868.00 
tweetybird 儿童电动车 四轮越野车遥控汽车婴儿童车宝宝玩具车可坐人警车多功能汽车 【白色】呼多警车+摇摆功能+中控台+防爆软轮胎,tweetybird母婴旗舰店,"￥11,289.60 "
【京东配送】孩智堡 儿童电动车 四轮遥控摇摆手推车卡通小孩玩具电瓶车宝宝汽车带遮阳篷 黑白配 遥控+摇摆+发光轮+皮座椅+蓝牙连手机+遮阳篷 领券下单，优惠直降中！欲购从速！下单就送礼！限时！限量！抢！,亦捷母婴专营店,￥538.00 
【京东配送】快乐达 儿童电动车 四轮车婴幼儿摇摆童车小孩可坐人遥控汽车宝宝玩具 白色+摇摆+双电双驱+2.4G遥控+音乐早教+灯光 【直降优惠】【领卷满减】优惠多多、数量有限！欲购从速哦！限量！抢！,益京母婴专营店,￥398.00 
【京东配送】蚁道加大 儿童电动车 越野车四轮可坐遥控汽车双座宝宝玩具车带摇摆轿车 白色-双驱+遥控+储物箱+摇摆+皮座椅+发光轮,蚁道旗舰店,￥728.00 
【京东配送】栋马捷豹授权车型 儿童电动车 四轮车婴幼儿童车可坐人小孩遥控汽车宝宝玩具 极光白+避震软轮+双驱+2.4G遥控+储物箱 【直降优惠】【领卷满减】优惠多多、数量有限！欲购从速哦！限量！抢！,益京母婴专营店,"￥1,188.00 "
儿童电动 摩托车太空战士三轮车男女宝宝可坐电瓶玩具童车 白 带音乐，速度平稳，三挡调控,沣舟母婴专营店,￥289.00 
【奥迪R8 正版授权】奥迪 儿童电动车 四轮双驱遥控电瓶车婴儿小孩玩具车可坐人汽车 【红色】双电双驱+独立摇摆+蓝牙遥控+早教+皮座椅 正版授权  早教 LED彩灯,好娃娃母婴专营店,￥478.00 
京东超市 【京东配送】 儿童电动车 四轮双驱越野车 遥控汽车 可坐宝宝电瓶童车 白色 3驱动+摇摆+拉杆+闪光轮胎+皮座 摇摆功能+避震+四轮闪光 赠送：皮座椅、坐垫、方向盘把套、模型玩具、车罩、车牌、安装工具大礼包,宜宝母婴专营店,￥698.00 
宝贝虎 【京东配送】新款 儿童电动车 三轮车摩托车宝宝可坐玩具车小孩电瓶车童车1-4岁 大红色 【优惠直降中】下单就送礼！欲购从速！限时！限量！抢！抢！（货到付款走京东快递）,小贝贝母婴专营店,￥198.00 
好来喜玛莎拉蒂 儿童电动车 四轮婴儿遥控男女孩童车可坐人玩具汽车 蓝色 舒适版 电子转向/早教功能/四轮发光/皮座椅 新款上市玛莎拉蒂授权.电子转向.四轮发光,快乐小红花童车专营店,"￥1,098.00 "
宝宝小孩 儿童电动车 电瓶童车蓄电池四轮玩具车6v4.5 6v712v712v10AH充电电池 6V4.5AH电瓶,益京母婴专营店,￥52.00 
甲壳虫 儿童电动车 摩托车前轮后轮前叉配件 车把手 注意：买前务必确认好，外观一样才通用，不能确定是否可以使用，请联系在线客服确认核实！,盛美乐母婴专营店,￥18.90 
避震 儿童电动 摩托车 大喇叭 新款 可坐可骑 儿童电动 玩具可坐 带减震 充电款 儿童电动车 蓝色+音乐+灯光 大电7A电瓶+双驱动 送安装工具及护具六件套,贝卡酷母婴专营店,￥298.00 
【京东配送】泷森兰博基尼车型 儿童电动车 四轮童车可坐宝宝小孩玩具汽车遥控双驱 电动 跑车 烤漆酒红+发泡软轮+12V大电瓶+多媒体+皮座椅 【直降优惠】【领卷满减】优惠多多、数量有限！欲购从速哦！限量！抢！,益京母婴专营店,"￥1,188.00 "
婴 儿童电动车 四轮可坐遥控汽车男小孩越野童车女宝宝玩具车可坐人 蚁道越野大电瓶【红色】摇摆皮座 五点式安全带 外观霸气炫酷，品质保障！,呦呗母婴专营店,￥598.00 
【可选播动画带液晶屏】贝瑞佳 儿童电动车 可坐人双驱动越野车带遥控四轮宝宝小孩玩具汽车奔驰授权 【黑色】-集成中控+皮座椅+MP4+防爆软轮,望丰母婴专营店,"￥1,288.00 "
酷太阳 【京东配送】 儿童电动车 四轮双驱摇摆带遥控童车宝宝可坐小孩电瓶玩具汽车跑车 豪配粉红色+遥控 电动 双开门+摇摆+双电瓶,琪儿宝母婴专营店,￥518.00 
育儿宝（Yu Er Bao） 婴幼儿男女 宝宝 电动车 遥控车可坐 儿童车 玩具车四轮小孩汽车 红色 塑料座,星航母婴专营店,￥888.00 
儿童电动 警察车四轮双驱可摇摆可坐人 电动 玩具车1-7岁小孩汽车 黑色 【一键启动】【摇摆 遥控】【对讲】【酷炫灯光】【多媒体】温馨提示：蓝色暂时无货。,凯施德童车专营店,￥899.00 
咪咪童 儿童电动车 大人可用沙滩车8-15岁使用玩具车可坐人大型越野带灯光音乐四轮强减震 红色实心轮 承重可达160斤！！！双电机，前后都减震！12伏大电瓶！,格通母婴专营店,￥688.00 
【京东配送】宝贝虎新款加长版118 儿童电动车 四轮汽车可坐带遥控玩具 电动车 越野车摇摆车 红色+拉杆+双电瓶+MP3插口+遥控+摇摆+皮座位 【618狂欢】 欲购从速！限量！限量！限量！重要的事说三遍！！！,赫誉童车专营店,￥488.00 
新款宾利 儿童电动 汽车四轮摇摆双驱多功能遥控电瓶婴儿小孩玩具车可坐人 电动车 白双驱双电+蓝牙遥控+摇摆+液压剪刀门+6字可亮,揽胜母婴专营店,"￥2,599.00 "
儿童电动车 四轮可坐人早教带摇摆 婴幼小孩遥控车宝宝玩具汽车跑车童车 高配版-抛光红双电双驱（带摇摆）+皮坐 可遥控+可自驾+可摇摆+双电瓶+双驱动+双开门+早教功能+电量显示了解更多请点击。,华美盛母婴专营店,￥468.00 
驰那米 【京东配送】 儿童电动车 太空车四轮可坐人玩具童车宝宝汽车小孩婴儿手推车遥控汽车摩托 红色【皮座】+摇摆+伸缩式推杆+遥控+五点式安全带 【京东配送】【上海仓发货】摇摆 早教 推杆 遥控功能,优聚母婴专营店,￥458.00 
红思达（HONGSIDA） 儿童电动车 四轮可坐童车双驱遥控摇摇车男女宝宝玩具汽车生日礼物 双驱动(粉)+蓝牙遥控+摇摇车+早教音乐+便携充电,京木母婴专营店,￥758.00 
宝贝虎新款 儿童电动车 四轮遥控车悍马 儿童 汽车宝宝玩具车可坐人 红色+蓝牙遥控+四轮发光+脚踏刹车+摇摆+皮座套 支持货到付款 京东配送~！下单就送礼物 随车一起寄出~！,星宝童车专营店,￥658.00 
【正版授权奥迪R8】 儿童电动车 四轮双驱动汽车带摇摆可坐人遥控玩具车早教童车 炫酷黄 12v大电瓶双驱【适合0-8岁宝宝】,聚品母婴专营店,"￥1,068.00 "
挖特（WATE） 【京东配送】 儿童电动车 坦克款 儿童电动 可坐人 电动 玩具车四轮双驱充电遥控车 军绿色 迎圣诞！送宝贝 小朋友礼物 适合1到7岁小朋友，安全舒适！,汇鑫锦文母婴专营店,￥799.00 
踏板 电动车 摩托车 儿童 座椅宝宝小孩婴儿专用宝宝前置车座 黑色中卫加高款座椅加防撞垫,迦旭母婴专营店,￥218.00 
小荧星 儿童电动车 四轮卡丁车 双电双驱可坐宝宝遥控玩具汽车 黄色充气轮,兴德童车专营店,￥528.00 
【货到付款 京东配送】贝儿佳 儿童车电动车 宝宝车摩托车可坐人 电动 玩具汽车带辅助轮 儿童 摩托车 红色高配6V双驱脚踏开关版 迎圣诞！送宝贝 小朋友礼物 下单就送礼！限量！抢 京东配送  适合2到7岁的孩子 安全舒适,汇鑫锦文母婴专营店,￥338.00 
鹰豪 【货到付款】大号 儿童电动 挖掘机遥控玩具可坐可骑挖土机工程车滑行四轮 升级版摇摆+2.4G遥控+缓启动+避震+早教+黄 电动挖臂 摇摆功能 缓启动,鹰豪儿童电动车旗舰店,￥999.00 
拉风新款 儿童电动 摩托车 儿童电动车 三轮车 电动 男女宝宝电瓶车童车七彩闪灯警车六一生日礼物 黄色7A+音乐+灯光+油门+礼物 7A大电瓶一个+前进后退停止开关+七彩闪灯+动感音乐+喇叭+灯和音乐+警笛声+安全带+电机,英华欣母婴专营店,￥318.00 
钻贝 儿童电动车 摩托车 电动 三轮车玩具车男女宝宝童车1-5岁可充电 小黄人 无毒环保材质，带彩灯音乐，给孩子就要给健康的，安全的，放心的玩具,隆聚母婴专营店,￥198.00 
1.3米 儿童电动车 四驱可坐人带遥控四轮摇摆 电动 小孩汽车宝宝玩具车越野 儿童车 荧光绿 全时四驱+加大车身+童车礼包 【大车身大动力】后驱版本狂欢钜惠，直降200，仅售988，限量30台，售完即止,聚品母婴,"￥1,288.00 "
栋马 奔驰 儿童电动车 四轮双驱遥控童车玩具 车儿童 可坐汽车 红色烤漆版 2.4G双驱双电/电子转向/皮座椅/MP4/防爆胎 买童车送儿童轻薄羽绒服！！先到先得！,如晶母婴专营店,"￥2,999.00 "
栋马奔驰G55 儿童电动车 四轮童车玩具车可坐双驱遥控小孩越野汽车 烤漆黑【顶配全功能】高开门,三浦母婴专营店,"￥1,388.00 "
儿童电动车 四轮遥控车可坐人汽车宝宝玩具车童车双驱动男女小孩子电瓶车 红色【带推杆】+遥控+摇摆+发光轮+缓起动+避震 晒图活动开启，晒立送红包,点翼母婴专营店,￥488.00 
A+B九灯甲壳虫 儿童电动 摩托车宝宝电瓶车三轮车音乐灯光润美 8A电瓶,晴朗童车专营店,￥147.00 
蚁道（JLYIDAO） 【京东配送】 儿童电动车 四轮遥控越野车宝宝吉普车童车摇摆玩具车可坐 白色+遥控+摇摆+USB播放器+早教功能,尚宏母婴专营店,￥578.00 
GOODPLUS/好加正版奔驰授权 儿童电动车 可坐四轮遥控孩子宝宝玩具汽车 老爷车童车 2.4G+双驱+奔驰授权烤漆黑,梓鸢母婴专营店,"￥1,488.00 "
【配手推杆】仿真型 儿童电动车 四轮遥控玩具汽车小孩宝宝可坐人婴幼儿摇摆童车 带手推杆 烤漆红+2.4G遥控+可摇摆+推杆+皮座 送豪华大礼包,杰菲亚母婴专营店,"￥1,995.00 "
乐康新款 儿童电动车 四轮 电动 童车摩托车小孩可坐单双驱动越野沙滩车 橙色(双驱动) 【送小孩音乐手表】【单双驱动四轮越野摩托车】【三档位灵活行驶】,LEKANG官方旗舰店,￥298.00 
儿童电动车 四轮滑行车宝宝玩具汽车可坐人婴儿滑行学步童车音乐灯光 滑行款红色,冠企母婴专营店,￥166.00 
"奥新 儿童电动 摩托车三轮车小孩可坐玩具车电瓶车 黄色 带音乐灯光可前进后退炫酷摩托车,生日男孩六一儿童节礼物",阿斯母婴专营店,￥198.00 
星辉rastar 法拉利F12 儿童电动车 四轮童车宝宝玩具车可坐遥控小孩婴儿 电动 汽车 红色,星童母婴专营店,￥899.00 
潮流 儿童电动 汽车四轮带遥控婴儿玩具车可坐人1-3-4-5岁男女宝宝童车独立摇摆 小荧星835【抛光白】摇摆+皮座 《收货后联系客服有赠品》可遥控+可自驾+独立摇摆电机+双电瓶+双电机+早教功能+车载播放器,英华欣母婴专营店,￥858.00 
儿童电动车 四轮双驱车遥控汽车 可坐男女宝宝车小孩玩具车 【白色2】缓启+早教+皮质座椅,新朔母婴专营店,￥728.00 
dodoto 【京东超市】DODOTO 儿童电动车 三轮车摩托车玩具车可坐人汽车SH999 时尚白-经典版 【京东配送】【炫彩灯光+音响】【评价晒图送100粒玩具积木】,居上母婴专营店,￥199.00 
好来喜（haolaixi） 京东配送 路虎 儿童电动车 四轮越野车遥控汽车童车宝宝玩具车 烤漆红色+摇摆+蓝牙+助力转向+可调皮座+四轮发光 四轮发光 电子助力转向 便携拉杆 音乐早教 座椅可前后调节,迪卡乐母婴专营店,"￥1,288.00 "
儿童电动车 四轮跑车小孩可坐遥控汽车双驱电瓶摇摆童车宝宝玩具车法拉利 电动车 1 标配版中国红+单驱无遥控无摇摆 可遥控可自驾+大电瓶+摇摆功能+电量显示+四轮避震+2.4G蓝牙一对一遥控,佳宥母婴专营店,￥278.00 
儿童电动车 四轮双驱摇摆遥控汽车可坐宝宝车小孩 电动 童车玩具车可坐男女婴儿摇摆 遥控跑车 烤漆酒红色++皮座+双驱 双电+遥控+手拉杆+减震,琪儿宝母婴专营店,￥698.00 
星辉婴童 新款 儿童电动车 拉法拉利授权3-7岁男女童宝宝可坐小孩四轮遥控玩具汽车 适合3-6岁男女童-红色开门款带遥控 6V标准-单驱版 26-31萌宝新年礼：跨店每满299立减50！晒图立奖10元现金！,星辉婴童官方旗舰店,"￥1,780.00 "
奔驰SL65 儿童电动车 四轮可坐人男女宝宝小孩玩具汽车带遥控可摇摆婴幼儿童车 烤漆酒红+双驱+防暴轮+皮座椅+摇摆+12v电瓶,唐煌母婴专营店,￥988.00 
贝瑞佳 【奥迪TT 正版授权】 儿童电动车 四轮 电动 汽车带摇摆可坐人遥控玩具车早教 电动 童车 深红色,小朋友母婴专营店,￥488.00 
星辉（Rastar） 宝马摩托车 儿童电动 童车 儿童 玩具可坐童车带辅助轮赠头盔 87700 红色 星辉车模品牌专卖，全店满199赠机器人，满599赠遥控车！点击查看更多款式：,星辉车模专营店,"￥1,350.00 "
儿童电动车 配件,迪卡乐母婴专营店,￥5.00 
笑娃娃奔驰正版授权多功能宝宝童车四轮宝宝可坐 儿童电动车 烤漆酒红 蓝牙遥控+双电双驱+钥匙启动+缓启动 儿童四轮车，正版授权，双高开门， 钥匙开关安全放心，舒适双座位，让宝宝从小懂得分享,笑娃娃旗舰店,"￥1,188.00 "
宝贝虎新款 儿童电动车 四轮双驱摇摆遥控汽车可坐宝宝车小孩玩具车 红色+遥控+缓启动+摇摆+双开门+音乐灯光避震 缓启动 带摇摆 双开门 炫酷灯光 四轮避震 音响播放音乐 分离式刹车油门 储物箱等豪华,明炫母婴专营店,￥558.00 
贝瑞佳（BeRica） 儿童电动车 婴儿小孩玩具车可坐人摩托车 白色 贝瑞佳官方旗舰店 满299元减50元！加送礼包！狂欢不止！,贝瑞佳童车官方旗舰店,￥548.00 
儿童电动 室内车可摇摆童车四轮瓦力车宝宝可坐双驱动碰碰车摩托车 红色双驱+摇摆+手推杆+餐盘+蓝牙遥控器,琪儿宝母婴专营店,￥398.00 
好儿宝 正版授权宾利 儿童电动车 四轮摇摆双驱遥控电瓶车婴儿小孩玩具车小汽车可坐 白色,颖向儿童玩具专营店,￥598.00 
【货到付款 京东配送】 儿童电动车 双驱带摇摆四轮汽车童车可坐人宝宝小孩可遥控玩具汽车 终极版烤漆蓝色双电双驱+双开门+早教+摇摆,佳仕博母婴专营店,￥588.00 
宝乐堡 电动车 8810双驱可坐宝宝太空车玩具小孩瓦力卡丁碰碰车 儿童电动车 甜蜜粉,宝乐堡专卖店,￥239.00 
小浣熊 儿童电动 摩托车三轮车大号 儿童 摩托车可充电男女宝宝电瓶车带护栏恒悦 顶配白双驱 均码,宏大母婴专营店,￥489.00 
哈喽贝比 儿童电动车 四轮可坐东方红拖拉机挖掘机可坐可骑 高配 脚踏版加后斗 加大型带音乐可前进后退工程车玩具男孩女孩节日生日礼物玩具车可坐人,中联母婴专营店,￥331.55 
大可 儿童电动车 路虎童车小孩男女宝宝带遥控可坐人四轮双驱 电动 越野汽车玩具车摇摆车【京东快递】 旗舰红+大电瓶+手拉杆+播放器+钥匙+摇摆+避震,唐煌母婴专营店,￥958.00 
贝儿佳（BRJ） 贝儿佳 儿童电动车 三轮摩托车可坐遥控玩具车2-3-4-5-6岁童车 红色(高配版) 早教+流行歌曲+USB+LED灯光+炫彩轮灯光+双驱+大电瓶,苏瑞母婴专营店,￥399.00 
儿童电动车 四轮童车摇摆可坐人带遥控小孩婴儿男女宝宝玩具小汽车蝶翼门跑车生日礼物 旗舰版黄色=蝶翼门+早教+风扇式空调+摇摆+皮座套 液压蝶翼门 风扇式空调 独立摇摆 音乐早教,诚晟母婴专营店,￥698.00 
儿童电动车 摩托车男女宝宝 电动 三轮车小孩电瓶车玩具车可坐人可充电1-8岁 儿童车 太空白【音乐+早教+LED灯+避震+护栏+后备箱】 双驱动 晒图活动开启，晒立送红包,点翼母婴专营店,￥338.00 
儿童电动车 四轮跑车小孩可坐遥控汽车双驱电瓶摇摆童车宝宝玩具车的 标配版中国红+单驱无遥控无摇摆 可遥控可自驾+大电瓶+摇摆功能+电量显示+四轮避震+2.4G蓝牙一对一遥控,赛神母婴专营店,￥288.00 
贝瑞佳（BeRica） 儿童电动车 四轮摇摆双驱遥控婴儿小孩玩具车可坐人汽车童车带摇摆 白色 贝瑞佳官方旗舰店 满299元减50元！加送礼包！狂欢不止！,贝瑞佳童车官方旗舰店,"￥1,028.00 "
儿童 宝马 电动车 四轮摇摆童车双驱动遥控男女婴儿小孩玩具车可坐人汽车 婴幼儿童跑车 电动车 可充电 烤漆土豪金+2.4G遥控+摇摆+拉杆,山行母婴专营店,￥619.00 
福儿宝 儿童电动车 瓦力车宝宝 电动车 童车四轮小孩子玩具车避震 FEB1068 红色 双驱+缓启动+2.4G蓝牙 瓦力车 2.4G遥控 缓启动,山城童车专营店,￥328.00 
孩子王 儿童车电动车 宝宝车摩托车三轮车可坐人 电动 玩具汽车 珍珠白 珍珠白 单驱动+6V4.5A电瓶 孩子王2017新款,孩子王母婴旗舰店,￥229.00 
dodoto 【京东配送】 儿童电动车 汽车宝宝童车玩具车可坐人四轮汽车可遥控音乐灯光118 埃斯托里尔蓝 双频2.4G遥控 【京东配送】评价晒图送100粒积木 【音乐灯光早教 】四轮宝马电动车新品上市点击,居上母婴专营店,￥358.00 
贝瑞佳（BeRica） 儿童电动车 遥控 儿童车 童车汽车可座四轮宝宝车玩玩具车 2.4G红色+中控系统+软座+FM调频 早教功能 双电双驱 贝瑞佳官方旗舰店 满299元减50元！加送礼包！狂欢不止！,贝瑞佳童车官方旗舰店,￥768.00 