title,deal,price,shop,location
雪地靴 女鞋 真皮百搭平底冬鞋棉鞋女靴韩版短筒厚底内增高羊毛短靴,2561, 228.00,贝奴诗旗舰店,重庆
妈妈棉鞋女冬季保暖加绒加厚防滑软底坡跟短靴新款中老年棉靴休闲,3429, 59.00,auq旗舰店,浙江 温州
骆驼 女鞋 春夏季复古防滑运动鞋 网布拼接跑步鞋时尚舒适休闲单鞋,316, 239.00,骆驼女鞋旗舰店,广东 广州
香港代购Church's女靴平跟切尔西 女鞋 英伦风真皮雕花短靴,83, 1288.00,樱花代购站,香港 香港岛
香港代购Rick Owens 女鞋 厚底过膝长靴真皮弹力靴ro女靴瘦腿高筒靴,66, 1299.00,梦里水乡2919,香港 香港岛
MG小象2017新款冬 女鞋 加绒保暖时尚皮靴子拉链黑色马丁靴中跟鞋子,1515, 128.00,毛菇小象,浙江 杭州
香港代购秋冬 女鞋 Parallele过膝长靴尖头弹力布高筒靴瘦腿女靴子,78, 1380.00,樱花代购站,香港 香港岛
2017新款鞋子女冬加绒ins超火的同款运动鞋老爹鞋休闲鞋韩版 女鞋,13939, 118.00,wo旗舰店,浙江 温州
真皮面雪地靴 女鞋 靴子2017冬保暖加绒厚底短靴粗跟中筒靴防滑棉鞋,2051, 198.00,程咬金开鞋店,广东 广州
尖头细跟鞋子女冬2017秋冬季新款百搭真皮加绒高跟鞋短靴 女鞋 棉鞋,1579, 218.00,嘟嘟猪猪点,浙江 嘉兴
2017新款冬季防水台马丁靴粗跟短靴加绒高跟厚底保暖靴子百搭 女鞋,3132, 168.00,君贵旗舰店,福建 莆田
美国代购VEJA小白鞋Esplar系列板鞋红V字真皮休闲系带小s同款 女鞋,192, 790.00,海外小优代购,美国
真皮高跟短靴2017秋冬新款欧洲站方头粗跟女靴加绒 女鞋 中筒马丁靴,1130, 288.00,诺婷鞋类专营店,浙江 杭州
代购 女鞋 guidi短靴前后拉链女靴中筒短筒真皮复古英伦风马丁靴,110, 1380.00,debbiesss,香港 香港岛
shevennie2017秋冬季新款真皮毛毛鞋加绒乐福鞋粗跟鞋子单鞋 女鞋,1085, 368.00,2009polestar,广东 广州
ins超火的鞋子女冬季bf风 女鞋 运动风街拍款男女情侣休闲老爹鞋,901, 358.00,木樨花开666,广东 广州
秋季英伦风 女鞋 韩版厚底百搭加绒平底漆皮牛津布洛克小皮鞋女冬,3106, 79.00,missu19870816,广东 广州
Puma彪马板鞋 松糕鞋  黑棕白棕小麦色男鞋 女鞋 363559-01-02-03,1113, 699.00,pay163pay163com,浙江 杭州
情侣高帮嘻哈运动鞋秋冬季2017新款潮百搭原宿小白鞋ins超火 女鞋,5637, 148.00,设彩旗舰店,浙江 温州
VANS经典款男鞋低帮OS情侣款Old Skool滑板鞋黑白VN-0D3HY28 女鞋,115, 438.00,冰镇机器猫,辽宁 大连
2017新款内增高 女鞋 冬季加绒保暖休闲鞋韩版百搭厚底黑色运动鞋子,7059, 79.00,丁红鞋店,浙江 温州
运动鞋女加绒跑步鞋秋冬季韩版百搭休闲鞋2017新款 女鞋 子女士棉鞋,2758, 168.00,舒恋鸟旗舰店,福建 莆田
2017新款秋季靴子女真皮内增高短靴女粗跟尖头中跟加绒冬季 女鞋,520, 238.00,麻酱雪糕,浙江 嘉兴
2017秋冬新款韩版跑步鞋高跟松糕厚底鞋真皮学生运动休闲 女鞋 单鞋,8831, 168.00,加油兄弟连,浙江 温州
香港代购秋冬nicholas 女鞋 珍珠跟牛皮短靴裸靴圆头粗跟女靴,63, 1350.00,落花流水逝无情,香港 香港岛
香港代购coliac珍珠鞋经典真皮圆头粗跟 女鞋 复古牛津鞋休闲小皮鞋,109, 1240.00,debbiesss,香港 香港岛
2017秋冬季新品意尔康短靴女真皮中跟短筒女靴系带粗跟马丁靴 女鞋,551, 158.00,韩版韩时尚潮流,广东 广州
香港代购新款 女鞋 冬欧美潮女加绒马丁靴雪地棉靴学生靴子厚底短靴,652, 396.00,本分小女人100,香港 新界
加绒运动鞋子女冬季2017新款潮韩版百搭 女鞋 内增高松糕厚底休闲鞋,3209, 148.00,恩斯特企业店,浙江 温州
官方正品店休闲帆布鞋男鞋 女鞋 万斯范斯VANSТING低帮板鞋经典款,1052, 133.00,万斯范斯店,上海
香港代购Rene Caovilla过膝长靴弹力袜子靴rc女靴水钻长筒 女鞋,65, 1288.00,海蜇皮王国,香港 香港岛
雪地靴女短筒2017冬季新款韩版棉鞋加绒马丁靴子百搭鞋子秋款 女鞋,5946, 158.00,kadzb2360,浙江 温州
D品2017秋冬季新款棉鞋女学生加绒保暖板鞋韩版百搭高帮运动 女鞋,15391, 65.00,明日鞋行,浙江 金华
黑色鞋子女秋冬季新款方扣平底鞋尖头水钻丝绒单鞋浅口加绒鞋 女鞋,835, 148.00,lanmeipizza,广东 广州
加绒运动鞋女秋冬季 女鞋 2017新款保暖棉鞋子韩版学生单鞋百搭冬鞋,15540, 48.80,仟百蓓旗舰店,浙江 温州
大喜自制2017秋冬新款纯色百搭头层猪皮方跟麂皮绒过膝长靴 女鞋 子,1215, 438.00,wxyz_ing,浙江 杭州
鞋爱love shoes棉鞋女冬季2017新款韩版加绒 女鞋 短筒磨砂皮雪地靴,2137, 138.00,皇马罗纳尔多,浙江 杭州
【大陌家】英伦风 女鞋 真皮复古学院牛津单鞋系带黑色加绒小皮鞋冬,2626, 198.00,林志彦66,广东 广州
足力健安全老人鞋正品妈妈 女鞋 冬季2017新款中老年人张凯丽健步鞋,2733, 299.00,足力健旗舰店,广东 广州
马丁靴 女鞋 子高跟鞋2017秋冬季新款百搭粗跟女靴冬鞋英伦加绒短靴,2352, 142.00,ux旗舰店,福建 莆田
2017新款短靴女平底马丁靴秋冬季平跟切尔西女靴子加绒英伦风 女鞋,3210, 119.00,走过四季20,广东 广州
鞋子 女鞋 秋冬季2017新款潮韩版百搭学生休闲鞋平底运动鞋加绒棉鞋,4936, 168.00,t800女鞋旗舰店,浙江 温州
加绒休闲鞋女2017秋冬新款厚底松糕鞋百搭韩版学生平底棉鞋 女鞋 子,1449, 158.00,依然神代言,浙江 温州
2017秋冬季新款毛毛鞋 女鞋 韩版平底加绒百搭休闲鞋运动鞋学生板鞋,3135, 158.00,百丽时尚商城,浙江 温州
欧洲站 女鞋 2017冬新款水钻鞋面貂毛毛口鞋底羊剪绒加绒平底棉瓢鞋,1026, 135.00,暗影小,辽宁 沈阳
韩版皮带扣水貂毛毛毛鞋平跟加绒棉鞋豆豆鞋2017秋冬新款平底 女鞋,1249, 128.00,小小52066,上海
英伦风粗跟 女鞋 布洛克漆皮圆头单鞋学院学生系带小皮鞋秋冬加绒,736, 188.00,tb072724_2010,广东 广州
星星松糕鞋女厚底加绒2017秋冬新款坡跟单鞋英伦风增高松糕底 女鞋,339, 248.00,深圳市丰彩鞋业有限公司,广东 广州
2017冬新款英伦风马丁靴内增高 女鞋 真皮系带坡跟短靴平底女靴皮靴,294, 228.00,garthphil女鞋旗舰店,重庆
非谜毛毛鞋女冬外穿2017秋新款方头单鞋加绒平底瓢鞋毛毛豆豆鞋女,1258, 299.00,fallinmiss旗舰店,浙江 温州
2017秋季韩版新款帆布鞋 女鞋 子高帮原宿学生街拍休闲鞋平底板鞋女,2, 90.00,aa2448444814,浙江 温州
韩国Fila/斐乐 破坏者2代刀锋休闲增高厚度 女鞋 小白鞋FS1HTZ3071X,361, 429.00,whqwhq321,安徽 合肥
靴子女冬季2017新款真皮短靴女粗跟系带马丁靴英伦风 女鞋 加绒棉靴,3914, 148.00,tongtong02118,浙江 温州
黑色加绒运动鞋女韩版ulzzang秋冬季 女鞋 原宿板鞋百搭跑步休闲鞋,1199, 128.00,zhenghua2009512,浙江 温州
Givenchy 女鞋 代购 纪梵希过膝长筒靴子星星袜子靴17秋冬新款女靴,53, 2920.00,xiejunhui912,上海
正品代购Gucci古奇古驰小蜜蜂星星菠萝刺绣平底小白鞋运动男 女鞋,123, 2580.00,程灵聪,上海
香港代购麦昆小白鞋厚底内增高 女鞋 系带男女板鞋情侣鞋休闲运动鞋,107, 1180.00,debbiesss,香港 香港岛
香港代购PARALLELE女靴小辣椒同款过膝长靴增高平底 女鞋 瘦腿靴,126, 1280.00,debbiesss,香港 香港岛
回力新款小白鞋韩版内增高厚底坡跟休闲 女鞋 福乐鞋真皮松糕 女鞋 秋,312, 149.00,回力老字号,广东 深圳
正品UGG雪地靴1019015 新款 毛球低帮豆豆鞋羊皮毛一体 女鞋 粉色,181, 650.00,时尚妞妞家,江苏 南京
香港代购麦昆小白厚底增高 女鞋 系带板鞋情侣休闲运动鞋男鞋情侣鞋,60, 1250.00,敏敏styl_e,香港 香港岛
葡萄妈studiolee啊哦高帮系带休闲鞋皮毛一体新款时尚系带 女鞋 冬,116, 588.00,tb447597629,浙江 宁波
短靴女靴子2017新款磨砂平底韩版百搭秋冬季 女鞋 子秋款加绒马丁靴,2147, 148.00,kbaox2046,浙江 温州
superstar 三叶草正品Adidas 贝壳头金标 男 女鞋 C77124/C77154,494, 479.00,zrx370182745,浙江 杭州
意大利正品代购Acne JensenGrain金属头短筒女靴尖头裸靴 女鞋 现货,45, 2080.00,huangweifang020,上海
2017新款毛毛单鞋 百搭毛毛鞋女冬外穿 女鞋 加绒平底豆豆鞋欧洲站,1976, 128.20,芙蓉坊1996,广东 广州
短靴2017冬季新款加绒冬鞋内增高 女鞋 棉鞋马丁靴鞋子女冬雪地靴子,3734, 199.00,zhongduo众踱旗舰店,重庆
马丁靴女英伦风学生韩版百搭雪地秋冬季 女鞋 加绒棉鞋平底复古短靴,2428, 148.00,寻找新脚印,浙江 温州
ins超火鞋秋冬季加绒运动鞋女韩版跑步鞋2017新款百搭 女鞋 休闲鞋,1638, 128.00,zhoutiankai,浙江 温州
ZARA 女鞋 镀金属层粗跟短靴 16070201040,, 359.00,zara官方旗舰店,上海
Bershka 女鞋 2018春季新款黑色裸靴漆皮方头高跟短靴 15152231040,1316, 259.00,bershka官方旗舰店,上海
高跟短靴女秋冬季2017新款 女鞋 粗跟靴子百搭加绒防水台皮鞋马丁靴,804, 168.00,盾狐莆田专卖店,福建 福州
2018新款布洛克加绒小皮鞋女英伦学院风百搭深口单鞋粗跟复古 女鞋,790, 236.00,肖邦定制66,四川 成都
真皮中跟短靴2017秋冬新款欧洲站高跟粗跟女靴中筒 女鞋 加绒马丁靴,2507, 288.00,诺婷鞋类专营店,浙江 杭州
H.guidi前后拉链310 pl2 788倒靴短靴中筒褶皱做旧靴guidi靴 女鞋,399, 675.00,ziyouchicheng,福建 泉州
ins超火的鞋子老爹同款运动鞋女冬季2017新款韩版ulzzang百搭 女鞋,1976, 288.00,刘先生家的魏小姐,浙江 温州
马丁靴英伦风2017新款短靴加绒靴子韩版百搭 女鞋 子粗跟冬季高跟鞋,2559, 178.00,仙宝蝶旗舰店,福建 莆田
香港代购rv&v同款高跟鞋 女鞋 水钻方扣绸缎面香蕉跟单鞋防水台婚鞋,72, 1380.00,敏敏styl_e,香港 香港岛
加绒新款短靴女秋冬 女鞋 真皮马丁靴平底裸靴英伦风厚底切尔西靴子,1452, 118.00,新一代家纺,广东 广州
香港代购Stella星星鞋baby同款 女鞋 厚底鞋系带坡跟增高鞋松糕鞋,67, 1180.00,米草寸寸5199,香港 香港岛
黑色加绒运动鞋女冬2017韩版秋季 女鞋 原宿板鞋潮百搭跑步鞋休闲鞋,17225, 138.00,wff17755625520,浙江 温州
一力米灰秋冬简约绒球方头低跟浅口 女鞋 毛毛鞋休闲瓢鞋乐福鞋单鞋,414, 227.00,我小圈圈,四川 成都
加绒运动鞋女韩版秋冬季2017新款 女鞋 原宿鞋子百搭休闲跑步鞋棉鞋,289, 49.00,爰度集团品牌店,福建 泉州
时尚粗跟短靴女秋冬季2017新款百搭韩版高跟 女鞋 马丁靴子棉鞋加绒,2131, 168.00,yang跃云,浙江 温州
PUMA彪马 松糕鞋厚底增高 黑白男鞋 女鞋 运动休闲板鞋364718-03,479, 659.00,pay163pay163com,浙江 杭州
卓诗尼长靴女过膝靴子女袜子鞋高筒 女鞋 秋冬鞋子女2017新款长筒靴,1028, 269.00,卓诗尼旗舰店,浙江 温州
慢屿运动鞋ins超火跑步鞋休闲鞋运动鞋女韩版ulzzang原宿百搭 女鞋,33, 158.00,caodechao123,广东 广州
【金小姐】VANS低帮OS经典款范斯帆布鞋板鞋男 女鞋 VN-0D3HY28,993, 495.00,jinsuling325,浙江 杭州
2017新款秋冬运动鞋韩版休闲鞋平底鞋棉鞋百搭一脚蹬 女鞋 加绒保暖,2481, 168.00,古奇天伦香奈专卖店,福建 莆田
2017冬季新款欧货高帮雪地靴女漆皮系带圆头加绒皮毛一体 女鞋 短靴,3273, 168.00,hua336037899,浙江 杭州
妈妈鞋棉鞋女真皮秋冬季加绒保暖靴子短靴中年粗跟皮鞋中老年 女鞋,4357, 108.00,程金娟55,广东 深圳
ins超火的鞋子厚底运动鞋女冬季新款韩版真皮休闲情侣鞋加绒 女鞋,2870, 168.00,时尚恋尚鞋,浙江 温州
17系带透气 女鞋 真皮小白鞋女运动跑步鞋女百搭鞋平底女单鞋包邮,0, 158.00,天逸龙鞋业旗舰店,广东 广州
2017米兰妮新款真皮 女鞋 拉链尖头中跟软底短靴牛皮单靴大码女靴子,0, 988.00,壹号店女鞋米兰妮,广东 广州
豆豆鞋2017秋冬季新款平底百搭棉鞋毛毛鞋女冬韩版加绒 女鞋 瓢鞋子,1730, 59.00,纪念我的姐姐,浙江 温州
香港代购Church's女靴平跟切尔西 女鞋 英伦风真皮雕花短靴,83, 1288.00,樱花代购站,香港 香港岛
香港代购Rick Owens 女鞋 厚底过膝长靴真皮弹力靴ro女靴瘦腿高筒靴,66, 1299.00,梦里水乡2919,香港 香港岛
MG小象2017新款冬 女鞋 加绒保暖时尚皮靴子拉链黑色马丁靴中跟鞋子,1515, 128.00,毛菇小象,浙江 杭州
香港代购秋冬 女鞋 Parallele过膝长靴尖头弹力布高筒靴瘦腿女靴子,78, 1380.00,樱花代购站,香港 香港岛
2017新款鞋子女冬加绒ins超火的同款运动鞋老爹鞋休闲鞋韩版 女鞋,13939, 118.00,wo旗舰店,浙江 温州
真皮面雪地靴 女鞋 靴子2017冬保暖加绒厚底短靴粗跟中筒靴防滑棉鞋,2051, 198.00,程咬金开鞋店,广东 广州
尖头细跟鞋子女冬2017秋冬季新款百搭真皮加绒高跟鞋短靴 女鞋 棉鞋,1579, 218.00,嘟嘟猪猪点,浙江 嘉兴
2017新款冬季防水台马丁靴粗跟短靴加绒高跟厚底保暖靴子百搭 女鞋,3132, 168.00,君贵旗舰店,福建 莆田
美国代购VEJA小白鞋Esplar系列板鞋红V字真皮休闲系带小s同款 女鞋,192, 790.00,海外小优代购,美国
真皮高跟短靴2017秋冬新款欧洲站方头粗跟女靴加绒 女鞋 中筒马丁靴,1130, 288.00,诺婷鞋类专营店,浙江 杭州
代购 女鞋 guidi短靴前后拉链女靴中筒短筒真皮复古英伦风马丁靴,110, 1380.00,debbiesss,香港 香港岛
shevennie2017秋冬季新款真皮毛毛鞋加绒乐福鞋粗跟鞋子单鞋 女鞋,1085, 368.00,2009polestar,广东 广州
ins超火的鞋子女冬季bf风 女鞋 运动风街拍款男女情侣休闲老爹鞋,901, 358.00,木樨花开666,广东 广州
Puma彪马板鞋 松糕鞋  黑棕白棕小麦色男鞋 女鞋 363559-01-02-03,1113, 699.00,pay163pay163com,浙江 杭州
情侣高帮嘻哈运动鞋秋冬季2017新款潮百搭原宿小白鞋ins超火 女鞋,5637, 148.00,设彩旗舰店,浙江 温州
秋季英伦风 女鞋 韩版厚底百搭加绒平底漆皮牛津布洛克小皮鞋女冬,3106, 79.00,missu19870816,广东 广州
VANS经典款男鞋低帮OS情侣款Old Skool滑板鞋黑白VN-0D3HY28 女鞋,115, 438.00,冰镇机器猫,辽宁 大连
2017新款内增高 女鞋 冬季加绒保暖休闲鞋韩版百搭厚底黑色运动鞋子,7059, 79.00,丁红鞋店,浙江 温州
运动鞋女加绒跑步鞋秋冬季韩版百搭休闲鞋2017新款 女鞋 子女士棉鞋,2758, 168.00,舒恋鸟旗舰店,福建 莆田
2017新款秋季靴子女真皮内增高短靴女粗跟尖头中跟加绒冬季 女鞋,520, 238.00,麻酱雪糕,浙江 嘉兴
2017秋冬新款韩版跑步鞋高跟松糕厚底鞋真皮学生运动休闲 女鞋 单鞋,8831, 168.00,加油兄弟连,浙江 温州
香港代购秋冬nicholas 女鞋 珍珠跟牛皮短靴裸靴圆头粗跟女靴,63, 1350.00,落花流水逝无情,香港 香港岛
香港代购coliac珍珠鞋经典真皮圆头粗跟 女鞋 复古牛津鞋休闲小皮鞋,109, 1240.00,debbiesss,香港 香港岛
2017秋冬季新品意尔康短靴女真皮中跟短筒女靴系带粗跟马丁靴 女鞋,551, 158.00,韩版韩时尚潮流,广东 广州
香港代购新款 女鞋 冬欧美潮女加绒马丁靴雪地棉靴学生靴子厚底短靴,652, 396.00,本分小女人100,香港 新界
加绒运动鞋子女冬季2017新款潮韩版百搭 女鞋 内增高松糕厚底休闲鞋,3209, 148.00,恩斯特企业店,浙江 温州
香港代购Rene Caovilla过膝长靴弹力袜子靴rc女靴水钻长筒 女鞋,65, 1288.00,海蜇皮王国,香港 香港岛
官方正品店休闲帆布鞋男鞋 女鞋 万斯范斯VANSТING低帮板鞋经典款,1052, 133.00,万斯范斯店,上海
D品2017秋冬季新款棉鞋女学生加绒保暖板鞋韩版百搭高帮运动 女鞋,15391, 65.00,明日鞋行,浙江 金华
雪地靴女短筒2017冬季新款韩版棉鞋加绒马丁靴子百搭鞋子秋款 女鞋,5946, 158.00,kadzb2360,浙江 温州
黑色鞋子女秋冬季新款方扣平底鞋尖头水钻丝绒单鞋浅口加绒鞋 女鞋,835, 148.00,lanmeipizza,广东 广州
大喜自制2017秋冬新款纯色百搭头层猪皮方跟麂皮绒过膝长靴 女鞋 子,1215, 438.00,wxyz_ing,浙江 杭州
鞋爱love shoes棉鞋女冬季2017新款韩版加绒 女鞋 短筒磨砂皮雪地靴,2137, 138.00,皇马罗纳尔多,浙江 杭州
【大陌家】英伦风 女鞋 真皮复古学院牛津单鞋系带黑色加绒小皮鞋冬,2626, 198.00,林志彦66,广东 广州
短靴女粗跟棉靴英伦风百搭高跟 女鞋 春秋冬季2017新款马丁靴女靴子,6635, 158.00,郑勇薇薇,浙江 温州
足力健安全老人鞋正品妈妈 女鞋 冬季2017新款中老年人张凯丽健步鞋,2733, 299.00,足力健旗舰店,广东 广州
马丁靴 女鞋 子高跟鞋2017秋冬季新款百搭粗跟女靴冬鞋英伦加绒短靴,2352, 142.00,ux旗舰店,福建 莆田
加绒运动鞋女秋冬季 女鞋 2017新款保暖棉鞋子韩版学生单鞋百搭冬鞋,15540, 48.80,仟百蓓旗舰店,浙江 温州
2017新款短靴女平底马丁靴秋冬季平跟切尔西女靴子加绒英伦风 女鞋,3210, 119.00,走过四季20,广东 广州
鞋子 女鞋 秋冬季2017新款潮韩版百搭学生休闲鞋平底运动鞋加绒棉鞋,4936, 168.00,t800女鞋旗舰店,浙江 温州
2017秋冬季新款毛毛鞋 女鞋 韩版平底加绒百搭休闲鞋运动鞋学生板鞋,3135, 158.00,百丽时尚商城,浙江 温州
2017新款短靴春秋季靴子冬季 女鞋 百搭单靴粗跟高跟磨砂尖头鞋裸靴,635, 158.00,雅库易购,四川 成都
2017秋冬 真皮松糕厚底 女鞋 牛皮软底坡跟复古靴马丁靴圆头女短靴,24, 238.00,许崇崇,浙江 温州
特价品牌撤柜断码清仓真皮 女鞋 2017新冬款中粗跟圆头过膝靴女长靴,2, 259.00,zmladad,上海
星星松糕鞋女厚底加绒2017秋冬新款坡跟单鞋英伦风增高松糕底 女鞋,339, 248.00,深圳市丰彩鞋业有限公司,广东 广州
意大利正品代购Coliac 女鞋 经典款水晶珍珠皮鞋英伦厚底鞋牛津单鞋,58, 2450.00,huangweifang020,上海
鞋子女秋ins超火同款运动鞋韩版新款真皮休闲跑步鞋加绒冬季 女鞋,2474, 238.00,斯美高鞋类旗舰店,浙江 温州
加绒休闲鞋女2017秋冬新款厚底松糕鞋百搭韩版学生平底棉鞋 女鞋 子,1449, 158.00,依然神代言,浙江 温州
马丁靴 女鞋 子女冬加绒秋冬季2017新款尖头细跟短靴真皮高跟靴子女,326, 298.00,迈妍服饰旗舰店,浙江 杭州
真皮粗跟马丁靴2017秋冬新款防水台厚底 女鞋 休闲短靴中跟加绒女靴,773, 288.00,诺婷鞋类专营店,浙江 杭州
2017新款秋冬季切尔西短靴女粗跟英伦尖头靴子真皮加绒马丁靴 女鞋,654, 238.00,圣梵西旗舰店,浙江 嘉兴
雪地靴 女鞋 内增高皮面冬季马丁短靴子韩版2017新款棉鞋加绒厚底潮,1257, 227.21,墨色茶,浙江 温州
Skechers斯凯奇 女鞋 熊猫鞋D'lites休闲运动鞋11914,1474, 469.00,skechers官方旗舰店,上海
2017秋冬新款厚底毛毛鞋韩版百搭松糕鞋女加绒板鞋欧洲站系带 女鞋,1757, 138.00,amywins,浙江 杭州
运动鞋女冬加绒休闲鞋ulzzang韩版棉鞋2017新款跑步鞋冬季 女鞋 子,2580, 178.00,古奇天伦艾美莉专卖店,福建 莆田
Skechers/斯凯奇 女鞋 熊猫鞋D'lites蕾丝运动鞋 11959,384, 499.00,skechers官方旗舰店,上海
意大利正品代购Coliac经典款珍珠水晶皮鞋平跟鞋厚底牛津 女鞋 单鞋,63, 2400.00,xiaosi19951209,上海
意尔康 女鞋 2017冬新款真皮软底妈妈鞋棉鞋舒适保暖加绒中老年短靴,1524, 239.00,意尔康皮鞋旗舰店,浙江 丽水
Bershka 女鞋 2018春季新款黑色弹力袜靴漆皮裸靴短靴 15104231040,767, 259.00,bershka官方旗舰店,上海
雪地靴女短筒学生韩版2017新款保暖棉鞋加绒 女鞋 百搭时尚鞋子冬季,2064, 158.00,今生之恋1,浙江 温州
中港定制新款高帮鞋运动鞋 女鞋 韩版内增高真皮小白鞋百搭休闲板鞋,227, 335.00,中港代购吧88,上海
红蜻蜓 女鞋 秋冬新款加绒棉皮鞋女高跟粗跟真皮中筒靴女靴子女中靴,937, 299.00,红蜻蜓厦和讯专卖店,福建 泉州
香港代购Stella星星鞋baby同款松糕鞋厚底 女鞋 坡跟系带增高鞋潮,65, 1288.00,敏敏styl_e,香港 香港岛
香港代购新款高帮 女鞋 马丁靴欧美潮百搭短靴学生雪地棉鞋女冬皮鞋,173, 416.00,本分小女人100,香港 新界
香港代购church's女靴杨幂同款平跟切尔西 女鞋 英伦真皮雕花短靴,113, 1380.00,debbiesss,香港 香港岛
喜典新款真皮尖头细跟高跟加绒小码 女鞋 短靴女靴子31 32 33码冬季,452, 289.00,喜典旗舰店,广东 广州
秋冬防滑中老年健步鞋女软底妈妈运动鞋老人鞋中年 女鞋 人老年棉鞋,3161, 108.00,佐阁旗舰店,福建 泉州
欧洲站 女鞋 2017冬新款欧货真皮弹力布羊毛内里加绒系带休闲运动鞋,268, 385.00,懒女人19930210,浙江 杭州
秋冬内增高 女鞋 2017新款韩版百搭真皮休闲短靴女加绒厚底高帮鞋女,1083, 168.00,路上相约,浙江 温州
香港冬季新款 女鞋 水貂毛真皮加绒休闲单鞋毛毛鞋韩版百搭平底板鞋,369, 330.00,新潮名品购888,香港 新界
2017新款秋冬季马丁靴女英伦风 女鞋 高跟鞋磨砂粗跟短靴尖头裸靴子,5830, 148.00,艺艺妹妹小公举,浙江 温州
【明星款】Timberland/添柏岚 女鞋 牛皮经典防水黄靴|10361,53, 1490.00,timberland男鞋旗舰店,上海
2017冬季新款里外全皮中跟 女鞋 马丁靴粗跟短筒方头女短靴百搭靴子,891, 328.00,zlsqq2006,四川 成都
松糕厚底原宿马丁靴女英伦风秋冬季加绒 女鞋 新款机车靴短靴棉鞋女,4332, 167.20,h13655877677,浙江 温州
春秋季女靴子真皮单靴中跟短靴秋冬 女鞋 加绒马丁靴粗跟磨砂皮棉靴,1741, 158.00,盈梦旗舰店,江苏 镇江
安踏 女鞋 2017冬季新款全掌气垫运动鞋旅游休闲增高耐磨跑步鞋子,1295, 309.00,anta官方旗舰店,福建 泉州
缘来相逢真皮马丁靴 大码 女鞋 秋冬新款韩版百搭绑带高跟加绒短靴,253, 398.00,缘来相逢旗舰店,上海
ins超火的鞋拼色复古街拍原宿跑鞋gd同款男 女鞋 情侣运动鞋老爹鞋,82, 648.00,瑞雪正德,上海
前拉链中筒靴2017秋冬季新款复古短靴粗跟马丁靴女英伦风单靴 女鞋,1443, 118.00,左右季旗舰店,浙江 温州
彪马 女鞋 puma蕾哈娜松糕鞋金属头玫瑰金黑金厚底男板鞋366169-04,158, 553.00,人生开端,江西 南昌
秋冬新款 女鞋 平底真皮加绒雪地中筒靴百搭内增高短靴女靴子高筒靴,1838, 228.00,利世康旗舰店,江西 南昌
秋冬高帮鞋女厚底2017新款韩版百搭加绒中筒短靴女真皮内增高 女鞋,955, 168.00,lizhaoyun19810229,浙江 温州
运动鞋女ins超火的鞋子秋冬季厚底老爹鞋2017新款百搭休闲鞋 女鞋,713, 189.00,涉趣旗舰店,浙江 宁波
花花公子加绒保暖休闲鞋子女冬季 女鞋 高帮运动鞋女韩版百搭棉鞋女,2606, 178.00,playboy名兔专卖店,福建 福州
秋冬季 女鞋 2017新款韩版加绒保暖单鞋粗跟高跟鞋子百搭皮鞋妈妈鞋,1632, 178.00,盾狐乐麦专卖店,福建 莆田
2017秋冬新款真皮女靴子松糕厚底坡跟短靴 女鞋 高跟马丁靴加绒棉靴,33, 258.00,和你一起分享2008,河南 郑州
韩版时尚优雅宴会 女鞋 高跟鞋细跟高跟毛线浅口尖头金属水钻扣单鞋,0, 98.00,陈淑娴bb,广东 惠州
WHAT FOR春夏浅口尖头高跟鞋 女鞋 细跟单鞋WH333K02034,1, 1480.00,whatfor旗舰店,上海
过膝靴长靴女秋冬季 女鞋 2017新款加绒高筒靴粗跟长筒靴高跟靴子女,13781, 118.00,初三四班女鞋,广东 广州
香港潮牌冬季真皮 女鞋 厚底松糕鞋水貂毛百搭毛毛鞋休闲单鞋板鞋,397, 328.00,时尚服饰558,上海
香港代购rv&v同款尖头 女鞋 高跟鞋花朵水钻方扣婚鞋绸缎平底单鞋,64, 1398.00,敏敏styl_e,香港 香港岛
2017粗跟女士棉靴新款真皮中筒靴中跟妈妈棉鞋冬季 女鞋 加绒女靴子,640, 168.00,馨宇鞋坊,上海
靴子女切尔西短靴粗跟2017新款 女鞋 秋冬季加绒保暖棉鞋高跟马丁靴,4524, 148.00,郑勇薇薇,浙江 温州
马丁靴 女鞋 子女冬加绒秋冬季2017新款尖头细跟短靴系带高跟靴子女,342, 298.00,迈妍服饰旗舰店,浙江 杭州
青岛双星名人八超老人鞋男正品秋冬加绒保暖 女鞋 防滑中老年健步鞋,837, 198.00,双星皮优专卖店,北京
高跟鞋女冬季2017新款防水台粗跟短靴女士加绒百搭中跟 女鞋 马丁靴,965, 168.00,爱诗尼鞋类专营店,福建 莆田
短靴女平底2017新款秋冬季 女鞋 子韩版百搭英伦秋款靴子马丁靴加绒,7717, 148.00,kbaox2046,浙江 温州
香港代购Parallele过膝长靴小辣椒同款 女鞋 弹力布瘦腿女靴高筒靴,134, 1380.00,许6日,香港 香港岛
陌芸靴子女冬季2017新款韩版时装鞋百搭防滑小跟 女鞋 保暖加绒短靴,521, 219.00,陌芸旗舰店,浙江 温州
韩国内增高 女鞋 2017新款韩版ulzzang运动厚底加绒高帮鞋冬季百搭,162, 428.00,骆驼福,福建 厦门
花花公子板鞋女韩版内增高 女鞋 百搭秋冬学生休闲鞋子小白鞋女加绒,2345, 149.00,playboy名兔专卖店,福建 福州
雪地靴女冬羊皮毛一体保暖加绒中筒棉鞋加厚平底真皮新款短筒 女鞋,497, 286.00,tb253428_00,广东 广州
秋冬真皮小白鞋女尖头厚底内增高 女鞋 坡跟韩版百搭旅游休闲单鞋女,607, 168.00,lizhaolong198708,浙江 温州
冬季百搭真皮系带马丁靴 女鞋 平底加绒雪地靴兔毛厚底内增高中筒靴,463, 268.00,snow-05,广东 广州
ins超火的鞋子冬季增高鞋运动休闲原宿复古街拍男 女鞋 情侣老爹鞋,873, 299.00,梦闺旗舰店,福建 莆田
妈妈鞋棉鞋女秋冬季中年真皮软底短靴平底皮鞋加绒保暖中老年 女鞋,5015, 106.00,程金娟55,广东 深圳
匡威正品 1970s三星标粉色高帮男鞋 女鞋 帆布鞋 151225c 142334c,125, 439.00,wf864630459,浙江 金华
老北京布鞋冬季 女鞋 老人保暖棉鞋中老年妈妈鞋防滑加厚保暖奶奶鞋,4559, 75.00,时尚之老北京布鞋之都,浙江 杭州
MJ私蜜订制 女鞋 5050过膝弹力靴秋冬皮靴女高筒长靴女靴子 真皮,566, 699.00,卡索恋行,广东 佛山
2017 女鞋 秋冬靴子女真皮短靴粗跟中跟皮鞋欧洲站方头女靴马丁鞋子,762, 228.00,宝宝贝贝08,浙江 嘉兴
短靴 女鞋 子尖头马丁靴高跟2017春秋款冬季新款细跟韩版百搭女靴子,4489, 143.00,徐莹茹,广东 惠州
哥弟 女鞋 2017秋季新款弹力袜子鞋女飞织透气休闲运动鞋AX12037,829, 300.00,哥弟官方旗舰店,广东 广州
2017冬季新款加绒短靴韩版百搭 女鞋 磨砂真皮马丁靴平底英伦风靴子,4703, 158.00,chenqijie5010,浙江 温州
2017秋冬新款时尚粗跟毛毛鞋韩版中跟加绒真兔毛高跟鞋一脚蹬 女鞋,22100, 48.80,许19951215,浙江 温州
兔毛豆豆鞋女冬加绒毛毛鞋子2017新款貂毛棉瓢鞋秋冬平底大码 女鞋,6090, 113.00,tb333041_55,广东 惠州
香港代购rv&v同款粗跟 女鞋 水钻方扣高跟鞋方头单鞋中跟绸缎面婚鞋,67, 1268.00,敏敏styl_e,香港 香港岛
天天特价英伦马丁靴女秋冬2017新款百搭靴子女冬厚底短靴 女鞋 子女,618, 168.00,公主爱尚嫁衣520,浙江 温州
葡萄妈studiolee绒面懒人乐福鞋新款复古尖头舒适百搭平底 女鞋,302, 528.00,tb447597629,浙江 宁波
2017冬季新款欧洲站 女鞋 欧货真皮磨砂皮系带加绒厚底松糕鞋板鞋潮,278, 395.00,懒女人19930210,浙江 杭州
香港代购秋冬coliac 女鞋 珍珠鞋粗跟圆头英伦牛津鞋复古休闲小皮鞋,56, 1258.00,海蜇皮王国,香港 香港岛
新款2017复古韩版豹纹做旧星星小脏鞋韩国 女鞋 系带低帮休闲板鞋,178, 270.00,t_1488434517555_0580,广东 广州
葡萄妈studiolee小圆头玳瑁扣单鞋方扣平底新款反绒真皮浅口 女鞋,733, 388.00,tb447597629,浙江 宁波
马丁靴女2017新款秋冬季 女鞋 加绒中跟韩版百搭女靴子英伦粗跟短靴,685, 168.00,佰娜兰迪旗舰店,福建 福州
2017秋冬新款百搭真皮粗跟加绒短靴 女鞋 子中跟马丁靴女棉鞋中筒靴,563, 278.00,嘟嘟猪猪点,浙江 嘉兴
中年 女鞋 秋冬季妈妈鞋加绒保暖老人防滑平底软底舒适女中老年棉鞋,4012, 109.00,百职旗舰店,浙江 温州
弹力袜子鞋韩版秋冬季运动鞋休闲 女鞋 子2017新款棉鞋百搭ulzzang,4500, 96.00,卡啦酷噜旗舰店,福建 福州
2017新款兔毛单鞋加绒尖头毛毛鞋女冬外穿中跟 女鞋 豆豆鞋毛毛瓢鞋,2823, 128.20,芙蓉坊1996,广东 广州
加绒坡跟系带单鞋2017春季新款松糕底 女鞋 真皮厚底英伦星星松糕鞋,572, 245.00,美艺6868,广东 惠州
小短靴女粗跟韩版英伦风马丁靴秋冬季女靴子2017新款裸靴高跟 女鞋,2460, 138.00,vitide,浙江 温州
秋冬靴子女2017新款短靴女高跟系带马丁靴女粗跟英伦风 女鞋 代发,0, 111.20,阿若0,浙江 温州
冬季妈妈棉皮鞋真皮粗跟防滑软底短靴大码百搭加绒棉鞋中老年女靴,53, 148.00,丰源鞋柜,江苏 苏州
特价品牌撤柜断码清仓真皮 女鞋 17新冬款弹力靴粗中跟过膝靴女长靴,0, 248.00,zmladad,上海
秋冬中老年健步鞋女软底妈妈鞋轻便老人鞋中年 女鞋 老年防滑运动鞋,6956, 68.00,玛玛迪兰旗舰店,福建 泉州
秋冬折扣 ZARA 女鞋 黑色过膝粗跟长靴 16000201040,, 399.00,zara官方旗舰店,上海
女鞋 秋鞋2017新款水钻方扣红色绸缎高跟鞋细跟尖头新娘鞋婚鞋女冬,1271, 168.00,时尚帮女郎,广东 惠州
全牛皮2017冬季新款粗跟高跟中筒靴 女鞋 方头英伦皮靴真皮复古女靴,1038, 298.00,娜箐箐旗舰店,重庆
代购tieland 女鞋 5050过膝长靴reserve女靴系带粗跟高跟lowland,104, 1680.00,许6日,香港 香港岛
2017新款冬季运动鞋跑步鞋 欧洲站平底厚底 加绒休闲系带春款 女鞋,2564, 116.00,冰雪湘云,浙江 温州
韩国2017新款秋百搭休闲高帮 女鞋 韩版潮反绒内增高运动鞋学生板鞋,269, 330.00,酷鞋吧168,福建 厦门
内增高7cm黑色加绒女2017秋冬松糕底厚底休闲鞋 新款百搭韩版 女鞋,4570, 138.00,xiaolijuan554286119,浙江 温州
冬季加绒运动鞋2017新款韩版学生情侣厚底休闲 女鞋 子百搭黑色棉鞋,2205, 69.00,dadqwdsa,上海
欧洲站冬季新品羊皮毛一体加厚保暖防滑兔毛款雪地靴平底鞋 女鞋 潮,3832, 138.00,醉生梦死198101,浙江 杭州
雪地靴短筒韩版百搭2017新款冬季保暖加绒学生厚底短靴 女鞋 子棉鞋,3709, 158.00,飘如旗舰店,浙江 温州
欧洲站 女鞋 2017冬新款磨砂皮加绒运动休闲鞋欧货内增高低帮鞋棉鞋,345, 320.00,ckdjjy,浙江 杭州
Adidas男鞋跑步鞋2017新款三叶草 女鞋 EQT ADV 黑粉 运动鞋 BB1302,287, 529.00,花的世界0515,上海
【EDC sports】韩国Fila/斐乐 破坏者2代刀锋 女鞋 厚底FS1HTZ3071X,154, 419.00,黑仔edison,上海
加绒袜子鞋2017新款秋冬季弹力针织情侣 女鞋 子休闲运动鞋高帮袜靴,743, 188.00,期待30308,广东 广州
运动鞋女冬季2017新款韩版百搭一脚蹬 女鞋 加绒棉鞋春季休闲旅游鞋,711, 168.00,古奇天伦鸿坤专卖店,福建 厦门
鞋大师yestyle阿水同款鞋细跟女裸靴修身尖头弹力靴明星同款 女鞋,497, 268.00,冰爽酷酷,广东 广州
意大利正品代购PRADA普拉达雕花布洛克切尔西马丁靴子蝴蝶结 女鞋,25, 3150.00,huangweifang020,上海
秋冬17款英伦风毛毛鞋外穿真皮毛拖 女鞋 平底懒人鞋女单鞋乐福鞋,752, 248.00,游太平,广东 广州
秋冬切尔西短靴女平底真皮大码马丁靴英伦风 女鞋 及踝靴粗跟女靴子,481, 328.00,老太云雅,浙江 温州
莎美佳2017秋冬新款 女鞋 圆头真皮平底双拉链中筒靴流苏马丁靴短靴,284, 318.00,靠谱男2013,北京
天天特价  英伦风 女鞋 学生厚底松糕鞋百搭韩版2017秋季新款皮鞋冬,1407, 118.00,q519095022,广东 惠州
秋冬新款尖头粗跟毛毛鞋时尚格子布呢料兔毛单鞋韩版舒适保暖 女鞋,3935, 118.00,zheng3535,广东 广州
松糕马丁靴女英伦风厚底短靴秋冬季 女鞋 2017新款百搭棉鞋加绒靴子,9047, 168.00,毛毛之家5808,浙江 温州
雪地靴女皮毛一体短筒妈妈棉鞋冬季保暖加绒韩版百搭冬季 女鞋 短靴,284, 328.00,牧羊传奇旗舰店,浙江 嘉兴
足力健安全老人鞋正品健步鞋中老年人运动妈妈冬季 女鞋 老年足立健,347, 299.00,百益山坊,广东 广州
女鞋 冬季2017新款韩版真皮高帮鞋女毛毛鞋厚底加绒学生休闲运动鞋,1552, 168.00,时尚恋尚鞋,浙江 温州
冬季真皮女靴子加绒妈妈鞋中筒棉靴加厚保暖羊毛皮棉鞋中老年 女鞋,1574, 138.00,美丽始足东方梦露,上海
2017冬季真皮软底妈妈鞋中老年棉鞋加绒保暖老人鞋平底 女鞋 短靴女,1177, 159.00,tetezhu,浙江 温州
运动鞋跑步 女鞋 子秋冬季2017新款韩版百搭加绒平底ins黑色休闲鞋,1517, 178.00,古奇天伦乐麦专卖店,福建 厦门
鞋子 女鞋 冬季2017新款潮韩版百搭加绒棉鞋学生厚底休闲运动鞋ins,675, 168.00,李东华615,浙江 温州
DSORIN缩影 英伦加绒小皮鞋女粗跟高跟漆皮单鞋女蝴蝶结中跟 女鞋,578, 238.00,dsign迪赛恩,广东 广州
2017秋冬季新款 女鞋 韩版磨砂皮尖头及踝靴子高跟鞋驼色粗跟短靴女,328, 288.00,人在国内,四川 成都
马丁靴女英伦风学生韩版百搭秋冬季 女鞋 加绒棉鞋粉色平底雪地短靴,2487, 148.00,艾美佳人2009,浙江 温州
美国代购正品kenneth cole小白鞋女Kendall米兰达可儿gigi 女鞋 潮,143, 678.00,海外小优代购,美国
代购Balenciaga巴黎世家杨幂同款弹力布休闲运动鞋男 女鞋 袜子靴,93, 2830.00,2011美丽超给力,上海
葡萄妈studiolee升级小脏鞋真皮韩版百搭小白鞋四季平底休闲 女鞋,768, 458.00,tb447597629,浙江 宁波
葡萄妈studiolee经典钻扣方头粗跟单鞋4.5cm新款真丝布高跟 女鞋,192, 528.00,tb447597629,浙江 宁波
2017新款韩版百搭厚底松糕粗跟棉鞋秋季潮秋冬季加绒小皮鞋 女鞋 子,506, 178.00,盾狐千百媚专卖店,福建 福州
妈妈鞋冬季加绒短靴保暖真皮防滑软底老人皮鞋平底中老年棉鞋 女鞋,532, 198.00,菲狐伊品鞋类旗舰店,上海
2017新款秋冬 女鞋 内增高小白鞋女百搭韩版松糕厚底休闲运动鞋板鞋,1305, 148.00,脚典旗舰店,浙江 温州
honeyGIRL2017秋冬新款 女鞋 真皮加绒女靴切尔西靴中跟短靴平跟靴,157, 299.00,honeygirl旗舰店,广东 深圳
广州卓诗娅妮2017年春夏新款欧洲站 女鞋 舒适 百搭 职业,0, 189.00,rain802300,辽宁 沈阳
女鞋 冬季2017新款雪地靴内增高女靴中筒靴磨砂皮兔毛棉鞋女加绒,90, 98.00,chhao135,广东 广州
羊皮毛一体雪地靴女短筒平底短靴内增高女靴新款加绒棉鞋冬季 女鞋,1094, 278.00,enes成睿专卖店,四川 成都
美国正品代购Coliac杨幂同款三排水晶珍珠皮鞋经典款厚底 女鞋 现货,57, 2390.00,你在眺望着谁丶,上海
加绒粗跟短靴女秋冬高跟短筒 女鞋 尖头裸靴弹力靴磨砂马丁靴子大码,822, 168.00,all新款,四川 成都
香港代购Parallele女靴小辣椒同款瘦腿增高长靴平底过膝靴pp 女鞋,56, 1266.00,海蜇皮王国,香港 香港岛
2017秋冬季新款短靴女高跟粗跟 女鞋 百搭英伦风马丁靴真皮女靴子潮,5138, 148.00,美丽说蘑菇街88,浙江 温州
真皮中跟短靴 女鞋 2017秋冬新款欧洲站尖头靴马丁靴棉粗跟中筒靴潮,388, 268.00,靓足鞋类专营店,浙江 杭州
雪地靴2017秋冬季靴子新款潮保暖加绒厚底百搭短靴内增高棉鞋 女鞋,8505, 158.00,dkvan旗舰店,浙江 温州
厚底松糕鞋子运动 女鞋 2017新款冬季韩版百搭内增高毛毛鞋棉鞋加绒,419, 198.00,酷酷爱鞋业,浙江 温州
方头复古马丁靴女士短靴女靴子 女鞋 2017新款潮真皮粗跟欧洲站高跟,1325, 258.00,ddoo2121,四川 成都
美国正品代购Coliac经典款珍珠水晶皮鞋杨幂同款厚底牛津 女鞋 现货,54, 2450.00,依以衣,上海
马丁靴女英伦风女靴子厚底防水台高跟皮鞋女中跟百搭粗跟短靴 女鞋,1737, 168.00,古奇天伦百年纪念专卖店,福建 福州
红蜻蜓 女鞋 冬季真皮加绒短靴女保暖中老年女靴妈妈鞋女棉鞋子6440,725, 239.00,红蜻蜓联合创景专卖店,福建 泉州
guidi靴秋冬中筒前拉链真皮平底短靴 女鞋 做旧倒靴子复古马丁靴it,430, 378.00,shenyu1728,广东 广州
popo17新款秋冬guidi前后拉链中短靴 女鞋 复古马丁靴女英伦真皮靴,288, 428.00,popo女装服饰,广东 广州
雪地靴女短筒韩版2017新款冬季 女鞋 百搭学生平底短靴保暖加绒棉鞋,2827, 178.00,租个城市当市6,浙江 温州
欧洲站2017秋冬羊毛内增高 女鞋 真皮厚底松糕运动鞋 休闲坡跟棉鞋,478, 338.00,广州女鞋制造,广东 广州
DSORIN缩影 毛毛鞋女中跟带毛毛的单鞋秋冬外穿加绒方头粗跟 女鞋,687, 238.00,dsign迪赛恩,广东 广州
范斯VANS old skool 经典款VN0D3HY28男鞋 女鞋 低帮帆布鞋,567, 426.00,kongjiaqi521518,山东 青岛
短靴高跟真皮细跟 女鞋 尖头2017秋冬季新款女靴子中跟加绒百搭裸靴,978, 278.00,paiseto柏丝图旗舰店,广东 广州
安踏 女鞋 跑步鞋运动鞋 2017冬季新品减震耐磨气垫鞋跑步鞋休闲鞋,382, 359.00,anta官方旗舰店,福建 泉州
欧洲站短靴女秋季新款皮鞋切尔西靴中跟百搭粗跟圆头真皮英伦 女鞋,338, 368.00,逸秀奈特,辽宁 鞍山
2017新款秋冬季 女鞋 靴子女马丁靴女英伦风潮棉鞋加绒高跟粗跟短靴,745, 148.00,猪猪也潮流,广东 广州
马丁靴女英伦风棉鞋短靴学生鞋子韩版原宿秋冬季靴子百搭平底 女鞋,8546, 158.00,今生之恋1,浙江 温州
秋冬折扣 ZARA 女鞋 袜饰平底及踝靴 12150301040,, 239.00,zara官方旗舰店,上海
2017秋冬季真皮过膝长靴 女鞋 坡跟运动弹力靴毛线靴针织长筒袜子靴,1963, 238.00,万里挑一a,广东 广州
女鞋 冬鞋子秋冬季2017新款潮韩版百搭学生厚底休闲运动鞋加绒棉鞋,1219, 168.00,李东华615,浙江 温州
防水台真皮粗跟短靴 女鞋 2017冬季新款棉靴子欧洲站高跟靴马丁靴潮,706, 298.00,靓足鞋类专营店,浙江 杭州
毛球雪地靴羊皮毛一体冬季保暖显瘦短筒靴平底防滑棉鞋 女鞋 雪地鞋,1220, 294.00,信涵宝贝09,广东 广州
莱尔斯丹 2017秋婚鞋猫跟 女鞋 高跟鞋尖头细跟中跟女单鞋8T65001,240, 399.00,莱尔斯丹官方旗舰店,广东 佛山
匡威正品1970s经典款黑色高低帮帆布鞋男鞋 女鞋 142334C 144757C,473, 359.00,wf864630459,浙江 金华
秋冬季妈妈鞋真皮软底平跟中老年人皮鞋防滑加绒保暖中年棉鞋 女鞋,1295, 178.00,菲狐伊品鞋类旗舰店,上海
2017秋冬新款貂毛瓢鞋 女鞋 毛毛鞋女 欧洲站潮 大码豆豆鞋加绒厚底,3970, 138.00,俏飞飞燕,北京
加绒短靴女粗跟 女鞋 2017冬季新款中跟女士皮鞋高跟靴子保暖中筒靴,2455, 168.00,波斯蒂琪鑫融腾飞专卖店,福建 福州
粗跟短靴子冬天2017新款秋冬季百搭韩版雪地靴高跟 女鞋 加绒棉鞋潮,631, 188.00,yang跃云,浙江 温州
雪地靴女短筒靴子保暖韩版2017新款潮厚底加绒内增高棉鞋 女鞋 冬季,888, 188.00,简衣璐旗舰店,浙江 温州
2017新款韩版百搭小跟马丁靴女粗跟英伦风 女鞋 秋冬季加绒高跟短靴,3977, 138.00,badman81,广东 惠州
马丁靴女英伦风2017秋冬新款真皮复古韩版机车女皮鞋平底短靴 女鞋,1808, 208.00,嘉黛艾妮女鞋旗舰店,浙江 嘉兴
雪地靴 女鞋 冬季皮面短筒女士棉鞋保暖加绒韩版厚底2017新款学生潮,2880, 198.20,墨色茶,浙江 温州
格调一生 里外真皮 秋冬 女鞋 加绒纯色圆头中跟短靴女 粗跟马丁靴,284, 258.00,格调一身,四川 成都
2017新款 女鞋 冬季韩版原宿ulzzang休闲运动鞋跑步鞋百搭加绒棉鞋,2155, 59.00,艾培商贸有限公司,福建 厦门
VEJA小白鞋法国代购 veja esplar系列板鞋 红V字 女鞋 真皮休闲鞋,177, 789.00,ctzl2009_99,上海
Camel骆驼女靴低跟马丁靴 女鞋 秋冬季靴子短靴女中筒,5, 199.00,骆驼国际旗舰店,北京
2017秋季新款真皮低跟圆头皮鞋女粗跟浅口单鞋一字带方口软皮 女鞋,5, 149.00,筱旭9999,重庆
2017秋季新款真皮金属圆扣高跟鞋水钻浅口单鞋OL通勤尖头 女鞋 子,2, 158.00,娇薇朵旗舰店,四川 成都
honeyGIRL秋冬新款 女鞋 弹力靴子粗跟高筒靴长靴女过膝平底长筒靴,3699, 259.00,honeygirl旗舰店,广东 深圳
真皮粗跟短靴 女鞋 2017冬季新款女靴欧洲站短筒棉靴中跟马丁靴女,558, 278.00,靓足鞋类专营店,浙江 杭州
欧洲站 女鞋 2017秋冬马丁靴女粗跟短靴高跟方头真皮及踝靴春秋单靴,1222, 298.00,精品奢侈品商城,广东 广州
女鞋 子秋天2017新款韩版学生百搭原宿内增高运动鞋秋冬季加绒棉鞋,143, 68.00,yayuyu19,福建 泉州
坡跟短靴女 真皮黑色短筒秋冬季单靴加绒 女鞋 圆头松糕厚底靴子女,737, 258.00,mannneil旗舰店,浙江 杭州
冬款毛毛鞋 女鞋 冬季2017新款内增高百搭雪地棉鞋子韩版厚底松糕鞋,923, 188.00,酷酷爱鞋业,浙江 温州
英伦风 女鞋 粗跟真皮小皮鞋女加绒复古学院风布洛克单鞋雕花牛津鞋,484, 228.00,美女之梯,广东 广州
女鞋 冬2017新款学生平底马丁靴真皮复古女短靴英伦系带加绒雪地靴,599, 268.00,玛菲玛图服饰旗舰店,广东 广州
耐克男鞋 女鞋 2017新款透气跑鞋气垫运动鞋休闲情侣鞋Tanjun跑步鞋,921, 329.00,徐氏运动专营店,江西 南昌
过膝长靴 女鞋 高跟显瘦冬季加绒2017新款粗跟高筒靴中跟长筒靴子,3193, 168.00,chunjuan320,广东 惠州
原创设计师 女鞋 】lucia tacci 尖头玫瑰红真丝珍珠扣高跟 女鞋 婚鞋,54, 1569.00,tacci美鞋汇,上海
shevennie真皮裸靴粗跟靴子 高跟短靴马丁女靴 女鞋 秋冬季2017新款,351, 338.00,2009polestar,广东 广州
欧洲站2017秋冬新款 女鞋 尖头英伦风真皮平跟切尔西靴厚底松紧短靴,1853, 158.00,ys123018,广东 广州
香港内增高松糕鞋女2017秋冬新款厚底高帮韩版高跟坡跟 女鞋 子8cm,194, 368.00,铜锣湾it代购1986,上海
秋冬折扣 ZARA 女鞋 袜式搭扣平底及踝靴 16124201040,, 239.00,zara官方旗舰店,上海
秋冬靴子女长靴 真皮粗跟高跟女士长筒靴过膝靴女靴弹力靴 女鞋,1240, 268.00,安妮可旗舰店,四川 成都
粗跟小跟短靴2017秋冬季新款百搭皮鞋中跟女靴加绒马丁靴高跟 女鞋,865, 142.00,ux旗舰店,福建 莆田
雪地靴 女鞋 真皮百搭平底冬鞋棉鞋女靴韩版短筒厚底内增高羊毛短靴,2561, 228.00,贝奴诗旗舰店,重庆
冬季阿迪达斯三叶草 女鞋 范冰冰同款高帮板鞋运动休闲鞋男鞋CP9626,665, 408.00,哈皮女孩儿,上海
BEAU秋冬切尔西短靴女平底真皮马丁靴英伦风 女鞋 及踝靴粗跟女靴子,1577, 328.00,beau旗舰店,浙江 温州
ZARA 女鞋 黑色弹力袜式粗跟短靴 15102201040,, 559.00,zara官方旗舰店,上海
冬季妈妈鞋真皮防滑软底平底中年皮鞋加绒保暖中老年奶奶棉鞋 女鞋,4669, 116.00,靓鞋一族_668,广东 深圳
语妍 女鞋 2017秋冬新款前拉链马丁靴女短靴磨砂皮英伦风平底休闲鞋,1413, 188.00,kzm1358,江苏 苏州
红蜻蜓 女鞋 2017冬季新款真皮圆头低跟女短靴牛反绒磨砂女靴女棉靴,1800, 219.00,红蜻蜓力弘专卖店,浙江 杭州
热风2017冬季粗跟 女鞋 新款女士百搭休闲鞋切尔西中跟短靴H82W7411,360, 319.00,热风旗舰店,上海
韩版水钻真皮懒人鞋兔毛毛毛鞋2017冬季新款厚底休闲 女鞋 加绒棉鞋,1043, 158.00,小小52066,上海
黑色加绒运动鞋女韩版ulzzang秋冬季 女鞋 原宿板鞋百搭休闲内增高,12736, 69.00,bailada品牌自营,上海
CONVERSE匡威 女鞋 高帮帆布鞋常青款男鞋学生情侣款休闲鞋101010,2205, 269.00,显臣运动专营店,广东 广州
短靴女平底靴子女秋冬季加绒 女鞋 韩版磨砂皮及踝靴英伦小跟马丁靴,2717, 148.00,顾客至上883,浙江 杭州
新款澳洲正品杨颖baby同款防水羊皮毛一体雪地靴毛球短筒流苏 女鞋,226, 468.00,全球购折扣店铺,广东 广州
水钻雪地靴女皮毛一体短筒满钻短靴大码 女鞋 41冬43加绒亮片棉鞋子,1531, 188.00,尊发鞋业有限公司,广东 广州
欧洲站毛毛鞋女冬外穿真皮兔毛拖 女鞋 平底圆头小皮鞋女单鞋乐福鞋,817, 248.00,yzbt688,广东 广州
女鞋 秋冬2017新款马丁靴女短靴百搭靴子女雪地靴加绒英伦棉鞋子女,3056, 178.00,公主爱尚嫁衣520,浙江 温州
2017秋冬新款欧美欧洲站 女鞋 女靴厚底内增高过膝靴高筒弹力长靴sw,320, 368.00,精彩一鞋苑,浙江 杭州
鞋子女冬加绒运动鞋女秋冬季韩版百搭学生原宿厚底松糕休闲鞋 女鞋,3053, 138.00,hot潮流时尚,浙江 温州
鞋子女冬2017新款保暖马丁靴短筒雪地靴韩版百搭加绒 女鞋 短靴学生,4996, 158.00,今生之恋1,浙江 温州
秋冬季学院风松糕厚底小皮鞋系带软妹加绒粗跟单鞋英伦风复古 女鞋,924, 138.00,nuoya1987,浙江 温州
2017冬季新款加绒短靴女高跟棉靴英伦粗跟雪地靴毛毛马丁靴 女鞋 冬,529, 168.00,zhulianmin110,浙江 温州
粗跟小短靴子2017新款冬季棉鞋百搭韩版高跟 女鞋 加绒加厚雪地靴潮,988, 188.00,yang跃云,浙江 温州
2017新款冬天加绒小皮鞋厚底学生韩版百搭高跟鞋单鞋冬季粗跟 女鞋,1242, 89.00,xmm旗舰店,福建 泉州
马丁靴女英伦风学生韩版百搭棉鞋秋冬季 女鞋 内增高平底雪地小短靴,2331, 148.00,寻找新脚印,浙江 温州
相伴秋冬新款真皮 女鞋 手工原创复古民族风高跟舒适后拉链女式短靴,0, 599.00,相伴旗舰店,广东 广州
天天特价女靴隐形内增高 女鞋 魔术贴高帮鞋休闲运动鞋韩版雪地靴潮,262, 99.00,金钗十三,浙江 温州
2017秋冬季新款女靴百搭尖头细跟高筒靴女真皮高跟显瘦长靴骑士靴,57, 288.00,贝妮儿鞋城,四川 成都
鞋子2017新款韩版百搭秋冬季加绒小白鞋女棉鞋 女鞋 基础厚底街拍潮,1254, 128.00,清远若离,浙江 温州
新百\有有限公司授权Nb breeze574男鞋2017新款冬季 女鞋 正品,6557, 188.00,oh乐酷,福建 福州
红蜻蜓真皮正品 女鞋 2017冬季新款尖头短靴优雅通勤高跟女靴子,725, 269.00,红蜻蜓品牌旗舰店,浙江 温州
2017秋冬季新款 女鞋 磨砂皮尖头粗跟及踝靴子真皮驼色高跟鞋短靴女,503, 348.00,人在国内,四川 成都
2017秋冬新高筒女靴过膝长靴女瘦腿弹力靴平底系带 女鞋 过膝靴,943, 315.00,信涵宝贝09,广东 广州
2017秋冬季新款水貂毛 女鞋 韩版百搭厚底鞋子休闲松糕毛毛板鞋真皮,1483, 158.00,may861,浙江 温州
意大利正品代购Coliac牛津 女鞋 经典珍珠水晶皮鞋厚底平跟单鞋现货,68, 2490.00,灰太狼时尚女装,上海
秋冬运动鞋 女鞋 2017新款百搭学生女跑步鞋防滑旅游鞋休闲鞋女361,1475, 68.00,七郎贸易,福建 泉州
2017新款百搭韩版秋天冬季加绒内增高 女鞋 松糕鞋女原宿厚底单鞋子,1304, 158.00,莉莱工厂店,浙江 温州
2017新款小白鞋女韩版百搭秋冬季 女鞋 板鞋棉鞋休闲运动鞋加绒鞋子,15139, 99.00,奥古狮登旗舰店,福建 泉州
秋冬折扣 ZARA TRF 女鞋 珍珠方头平底乐福鞋 17274201040,, 159.00,zara官方旗舰店,上海
秋冬折扣 ZARA  TRF 女鞋 拉链饰天鹅绒高跟及踝靴 17134201009,, 239.00,zara官方旗舰店,上海
GGDB小脏鞋 女鞋 韩国做旧鞋星星韩版真皮系带内增高小白鞋板鞋 女鞋,1088, 269.00,最爱休闲疯,广东 广州
2017新款chic学生百搭加绒小白鞋女秋冬季街拍 女鞋 帆布鞋韩版保暖,1194, 135.00,清远若离,浙江 温州
皮毛一体雪地靴女短筒2017新款短靴保暖加绒靴子 女鞋 冬季加厚棉鞋,4074, 178.00,fangmh1234,广东 广州
BT 女鞋 粗跟2017新款短靴女靴子女秋冬季真皮英伦风切尔西靴马丁靴,196, 599.00,beautoday旗舰店,浙江 温州
马衔扣乐福鞋女秋冬加绒毛毛单鞋真皮平底小皮鞋穆勒鞋英伦风 女鞋,744, 228.00,殴米饭,广东 广州
短靴女粗跟 女鞋 秋冬2017新款尖头高跟马丁靴女加绒百搭性感裸靴子,314, 268.00,迈妍服饰旗舰店,浙江 杭州
韩版2017秋冬季新款真皮毛毛鞋加绒乐福鞋皮带扣粗跟鞋子单鞋 女鞋,1469, 158.00,tb9033875_2012,广东 广州
代购 HOGAN松糕鞋秋冬杨幂赵薇同款 女鞋 厚底内增高拼色小白鞋,89, 2540.00,咯咯的格格,香港 香港岛
棉鞋马丁靴子秋款韩版百搭2017新款平底短靴冬季秋冬加绒 女鞋 子潮,11706, 148.00,第六纪旗舰店,浙江 温州
意大利正品代购MCQ麦昆小白鞋休闲运动厚底鞋低帮增高板鞋男 女鞋,83, 2650.00,xiaosi19951209,意大利
欧洲站2017新款秋冬细跟高跟短靴防水台女靴子尖头马丁靴真皮 女鞋,201, 488.02,dwjstc123,浙江 杭州
中跟短靴女2017新款冬季 女鞋 圆头加绒粗跟马丁靴真皮靴子女裸靴,582, 238.00,漫沙洛旗舰店,浙江 嘉兴
毛毛鞋女冬季2017新款棉鞋韩版加绒百搭懒人瓢鞋原宿豆豆鞋子 女鞋,612, 178.00,ew35,广东 广州
ins超火运动鞋女韩版ulzzang原宿百搭加绒 女鞋 子秋冬季厚底跑步鞋,1238, 158.00,keke5013,浙江 温州
平底真皮乐福鞋兔毛单鞋女懒人毛毛鞋2017秋冬加绒时尚穆勒 女鞋 潮,435, 228.00,天使之城_1906,广东 广州
阿迪达斯男鞋贝壳头Superstar三叶草 女鞋 彩虹泼墨休闲板鞋D70351,145, 479.00,微依小铺,上海
秋冬季运动鞋女2017新款百搭潮鞋学生休闲加绒保暖棉鞋子韩版 女鞋,1193, 59.00,婉家旗舰店,福建 泉州
小白鞋女内增高2017新款夏韩版百搭系带厚底皮面运动板鞋大码 女鞋,967, 128.00,tb159977_88,广东 惠州
honeyGIRL2017秋冬新款 女鞋 中跟弹力靴粗跟长筒靴过膝长靴高筒靴,1346, 289.00,honeygirl旗舰店,广东 深圳
UGG雪地靴1016222美国正品代购羊皮毛一体新款防水防污短筒男 女鞋,562, 770.00,幸福平价鞋柜,上海
Stella&Minx明星同款星星松糕鞋真皮方头坡跟增高单鞋厚底 女鞋 潮,218, 368.00,欣欣高端定制,广东 广州
2017秋款幂幂刘雯同款鞋英伦复古单鞋布洛克 女鞋 牛津鞋中性漆皮鞋,373, 238.00,她们叫我妹妹,四川 成都
靴子女秋2017新款加绒欧洲站皮靴冬季 女鞋 真皮方头粗跟马丁女短靴,447, 258.00,漫沙洛旗舰店,浙江 嘉兴
马丁靴女英伦风2017新款学生鞋子冬ulzzang加绒 女鞋 短靴韩版百搭,6229, 158.00,今生之恋1,浙江 温州
松糕厚底毛毛鞋女冬外穿 女鞋 2017新款休闲运动单鞋麦昆加绒小白鞋,683, 299.00,kozrng鞋类旗舰店,广东 广州
2017新款百搭 高端定制 女鞋 方头漆皮单鞋女 香蕉跟方扣高跟鞋婚鞋,362, 268.00,ryan198801,广东 广州
2017新款短靴女高跟 女鞋 秋冬细跟靴子尖头单靴裸靴磨砂真皮马丁靴,4304, 148.00,baoerstar01,四川 成都
2017冬季新款加绒保暖女单鞋真皮懒人鞋平底低跟棉鞋休闲套脚 女鞋,924, 148.00,tb236568_99,浙江 温州
鞋子 女鞋 秋冬季2017新款韩版百搭粗跟单鞋女高跟鞋女棉鞋加绒皮鞋,637, 168.00,盾狐真怡专卖店,福建 莆田
2017秋冬新款 女鞋 百搭韩范儿尖头粗跟短靴浅口单鞋10厘米高跟鞋潮,27, 98.00,彼岸花开总是情,广东 广州
城市丽人秋冬真皮高跟粗跟厚底圆头马丁靴潮 女鞋 短靴防水台女靴子,56, 329.00,城市丽人旗舰店,广东 广州
木林森 女鞋 棉鞋冬季保暖羊羔毛皮毛一体高帮妈妈鞋舒适低跟坡跟,20, 428.00,木林森安森专卖店,四川 成都
短靴女内增高 女鞋 2017新款雪地靴女短筒韩版厚底百搭学生棉鞋女冬,1535, 177.17,天骄定制,浙江 温州
鞋子 女鞋 秋冬季2017新款短靴粗跟高跟雪地靴子女韩版百搭秋款加绒,697, 168.00,欧奈雅女鞋旗舰店,福建 厦门
厚底松糕鞋女2017秋冬季新款韩版百搭运动内增高 女鞋 加绒英伦ins,685, 188.00,比优特鞋类专营店,浙江 温州
鞋子女2017新款韩版内增高 女鞋 厚底百搭运动休闲鞋秋冬黑色棉鞋潮,6093, 59.00,纤纤女鞋专柜贰,浙江 台州
韩版冬季新款水钻满钻水貂毛羊羔毛加绒乐福鞋棉瓢鞋船鞋懒人 女鞋,883, 145.00,yumiaomiao718,辽宁 沈阳
粗跟短靴2017新款 女鞋 冬季加绒女靴子百搭马丁靴防水台高跟鞋鞋子,748, 168.00,佐曼旗舰店,福建 莆田
运动鞋女厚底内增高秋冬季新款休闲鞋百搭超高跟 女鞋 韩版学生单鞋,2406, 79.00,奥古拉旗舰店,浙江 温州
高跟鞋女冬粗跟加绒 女鞋 秋冬季2017新款方头短靴女靴雪地靴女皮面,3287, 138.00,顾客至上883,浙江 杭州
INS超火毛毛板鞋女秋冬季 女鞋 子2017新款百搭韩版加绒厚底棉鞋 潮,2221, 69.00,bailada品牌自营,上海
17年秋冬欧美新款方头粗跟短靴流行女靴后拉链高跟靴马丁靴 女鞋 潮,1012, 128.00,左右季旗舰店,浙江 温州
花花公子内增高 女鞋 秋冬季韩版百搭休闲板鞋子学生加绒小白鞋厚底,1094, 169.00,荣祥宏为鞋类专营店,福建 福州
73hours 水晶鞋 婚鞋水钻尖头结婚浅口高跟鞋新娘鞋 女鞋 细跟尖头,26, 2199.00,73hours旗舰店,上海
双星老人鞋男中老年运动鞋秋冬加绒八面轻便 女鞋 超软底防滑健步鞋,2719, 149.00,双星皮优专卖店,北京
2017秋冬季新款内增高 女鞋 子保暖加绒棉鞋韩版潮短靴厚底雪地靴女,935, 158.00,唐意女鞋旗舰店,浙江 温州
2017冬季新款高帮鞋板鞋女韩版百搭原宿风情侣运动鞋加绒 女鞋 子潮,2490, 168.00,骆可仕旗舰店,浙江 温州
2017秋冬季新款韩版百搭加棉加绒平底跑步运动鞋 女鞋 学生休闲鞋潮,3366, 148.00,唐意女鞋旗舰店,浙江 温州
马丁靴 女鞋 子秋冬2017新款韩版百搭英伦风平底坡跟系带棉鞋短靴,2536, 165.00,雪兰妃旗舰店,浙江 温州
粗跟短靴2017新款靴子韩版百搭高跟鞋 女鞋 防水台棉鞋冬季加绒鞋子,692, 178.00,佐曼旗舰店,福建 莆田
ins超火的鞋子女原宿ulzzang 女鞋 冬季厚底运动鞋女跑步韩版百搭潮,1470, 99.00,peter20horse,福建 厦门
ins超火鞋秋冬 女鞋 新款运动鞋休闲袜子鞋女韩版ulzzang加绒高帮鞋,2049, 188.00,快捷至上,浙江 温州
豆豆鞋女冬季2017新款韩版百搭原宿加绒面包毛毛鞋 女鞋 子棉鞋社会,1527, 128.00,wl18205875687,浙江 温州
冬季人本加绒保暖棉鞋女短筒加厚平底厚跟短靴学生雪地靴 女鞋 8685,3100, 79.00,人本鞋类直营店铺,上海
冬季妈妈鞋短靴加绒保暖真皮中跟中年女靴子中老年棉鞋 女鞋 粗跟秋,563, 168.00,天意伦中智专卖店,江苏 镇江
秋季英伦风 女鞋 子学生韩版百搭加绒平底漆皮布洛克小皮鞋女冬厚底,1529, 158.00,我的闺蜜是仙女,浙江 温州
正品耐克 女鞋 2017冬季Nike BLAZER MID 高帮板鞋 917862-601-003,286, 469.00,weiwei317168479,山西 太原
香港代购rick owens 女鞋 厚底过膝长靴羊皮瘦腿长筒弹力ro平底女靴,58, 1450.00,海蜇皮王国,香港 香港岛
香港潮牌冬季真皮 女鞋 厚底松糕鞋水貂毛百搭毛毛鞋休闲单鞋板鞋,404, 328.00,无限飞扬668,上海
短靴子女秋款2017新款粗跟高跟鞋冬鞋子 女鞋 秋冬季百搭马丁靴加绒,2187, 158.00,疯狂的蜜蜂1987,浙江 温州
英伦风复古马丁靴2017新款冬季原宿 女鞋 百搭小跟加绒森系平底短靴,1845, 148.00,tb477234_88,广东 广州
马丁靴女英伦风短靴女粗跟高跟2017冬季新款真皮加绒尖头靴子 女鞋,493, 268.00,法摩尼旗舰店,浙江 杭州
2017秋冬新品针织毛线弹力靴 欧洲站尖头高跟短靴女细跟 袜靴 女鞋,763, 268.00,dzz昊,广东 广州
英伦风 女鞋 秋复古厚底单鞋布洛克加绒系带圆头学院松糕牛津小皮鞋,1764, 89.00,仙竺兰女鞋,广东 广州
雪地靴女冬皮面2017新款羊皮毛一体保暖加绒中筒棉鞋加厚真皮 女鞋,1387, 268.00,yset旗舰店,福建 宁德
布洛克雕花 女鞋 英伦牛津单鞋圆头系带平底鞋学院风真皮复古 女鞋 子,440, 230.00,衫舞飞扬733,广东 广州
2017秋季新款内增高 女鞋 韩版百搭松糕鞋女厚底学生高帮鞋女冬休闲,1732, 148.00,诺奈熙旗舰店,浙江 温州
雪地靴女皮面短筒2017新款貂毛韩版学生厚底短靴马丁靴 女鞋 冬加绒,1349, 178.00,涵涵衣阁,浙江 温州
初泽2017秋冬新款韩版内增高 女鞋 休闲运动鞋厚底小白鞋女真皮百搭,839, 138.00,何婉清,浙江 温州
2017秋冬季新款英伦粗跟毛毛鞋中跟单鞋加绒小皮鞋棉鞋子复古 女鞋,2740, 128.00,牛晓豪,上海
2017秋冬新款马丁靴女英伦风真皮粗跟磨砂短靴高跟 女鞋 尖头女靴子,985, 148.00,艺艺妹妹小公举,浙江 温州
2017新款高跟真皮 女鞋 方头小短靴女秋粗跟韩版短筒加绒马丁靴冬潮,342, 268.00,哎哟宝贝米米,四川 成都
大喜同款2017秋冬新款韩版百搭方跟弹力靴麂皮绒过膝长靴 女鞋 子,813, 168.00,djpp520520,广东 惠州
